age,income,loan_amount,loan_term_months,credit_history_length,number_of_dependents,employment_status,property_owned,default
59,20922.447788488123,4763.564612394783,42,8,5,salaried,own,0
49,21733.341318933715,12514.719599199889,51,10,5,retired,own,0
35,30768.110670725702,41677.39816689799,37,10,4,salaried,rent,0
63,17009.91296286274,47464.32535171389,40,5,5,salaried,rent,0
28,26547.692089877302,15925.515432935334,14,0,4,salaried,own,0
41,28381.92796229296,13961.274395453072,25,21,4,salaried,own,0
59,24322.197474646044,14714.739960074918,36,5,1,salaried,own,0
39,19345.151310230092,14608.235280191348,59,12,1,salaried,rent,0
43,24108.571789109286,2760.578927112677,12,21,4,unemployed,own,0
31,32076.217179949545,46418.9009702243,14,23,3,salaried,mortgage,0
31,33509.77391304176,11471.208936946092,37,21,2,salaried,own,0
44,54594.38635375348,21580.19962998884,29,4,0,salaried,own,0
56,13426.516606815338,1474.6572543074192,20,14,1,salaried,rent,0
60,17676.587529100667,43039.799454837805,49,26,4,salaried,own,0
44,9830.702444699584,36826.709878290945,34,17,0,unemployed,rent,0
23,35084.149706998105,47391.04572351146,32,19,1,retired,own,0
42,18634.057743338417,39299.158480623555,12,13,2,salaried,rent,0
22,24418.47973992985,16371.619090551196,32,14,3,salaried,rent,0
44,16282.248027919492,13145.794577692759,38,25,4,unemployed,mortgage,0
64,18706.9053084396,35188.099070111355,53,4,2,salaried,own,0
50,40602.91141359764,18841.525975514473,17,25,1,salaried,own,0
58,31167.04935311914,28744.53577187821,55,3,4,salaried,own,0
22,20831.86305426174,1306.6160802970412,47,1,0,self-employed,mortgage,0
41,32335.046751836213,4032.399382343287,39,6,5,salaried,mortgage,0
53,32694.10417004324,27233.02911790091,56,9,3,unemployed,own,0
32,18111.225921502162,28737.51067596009,28,15,1,self-employed,own,0
42,10566.672462322542,37821.194278507835,51,9,3,salaried,own,0
64,14050.583252011902,7466.300661574125,14,17,4,self-employed,own,0
45,11268.152900050382,26145.97110408216,23,16,5,unemployed,own,0
47,39427.44092324797,10527.934577152742,50,29,2,salaried,own,0
62,43004.395407201286,5566.60985857204,23,20,3,salaried,rent,0
48,48687.954620018034,21114.293908967175,13,27,0,salaried,mortgage,0
36,8024.239888043833,9003.495756363805,57,12,1,salaried,mortgage,0
35,37635.402987133064,11867.316931423611,33,0,0,salaried,own,0
64,66575.7485741882,16560.174413605586,34,0,3,salaried,rent,0
23,38406.9555737249,13710.031636416616,41,14,5,salaried,mortgage,0
57,7512.962876071048,5291.973572891374,16,0,2,unemployed,own,0
27,53324.39267750583,5405.895998125412,20,5,2,salaried,rent,0
41,22490.41547538524,10469.22134647424,32,24,0,salaried,own,0
29,19610.108395738855,3477.400210017409,22,25,4,salaried,own,0
59,27599.354073338898,31696.39396416943,16,12,4,salaried,own,0
38,13036.34544237709,15079.009108936196,46,26,5,salaried,own,0
24,22057.130018638596,14707.55242068448,38,27,2,salaried,rent,0
45,49524.10613061303,17267.916417650493,13,0,0,salaried,own,0
34,30067.44894773972,33477.017436276365,35,4,0,self-employed,own,0
29,22679.13768218832,43661.06019269104,42,8,0,self-employed,own,0
46,23035.78326306428,38195.25969522628,44,29,3,salaried,mortgage,0
22,12201.363763294567,36648.93228102965,50,24,5,self-employed,own,0
40,20435.03388742456,24735.168094441615,41,16,4,self-employed,rent,0
48,9728.863184075079,34996.47229140317,57,15,4,salaried,rent,0
27,36725.27452608711,28085.356033645574,48,7,3,retired,own,0
64,7384.5463075764355,11596.275881139916,39,16,1,unemployed,own,1
28,33774.12277270769,11220.830019311485,42,14,3,salaried,rent,0
55,35943.56866262,15523.208336888889,22,23,5,salaried,own,0
34,42590.32134047677,45629.33087752085,34,0,0,salaried,own,0
37,23004.142366382446,27823.327178606567,13,11,3,salaried,rent,0
56,34832.781973399186,36961.3634730916,51,4,0,self-employed,own,0
60,20335.56657100853,17981.379231010833,52,23,5,salaried,own,0
24,12169.053882251532,20978.072762596035,38,5,5,self-employed,own,0
22,47352.08806999268,7152.713353225317,46,24,2,self-employed,own,0
26,20984.872189668036,9393.452933261848,13,0,0,self-employed,rent,0
62,10886.12521442327,41540.47118648113,50,24,4,self-employed,rent,1
24,17441.235312706758,29657.09295275522,48,0,3,salaried,rent,0
49,17789.03719667148,17539.090828307126,32,9,5,salaried,rent,0
38,27746.041464248112,40339.709240781754,16,9,0,self-employed,own,0
46,71219.62857831287,13079.475376261165,56,2,1,salaried,own,0
64,28601.353093240527,48825.60223140999,32,16,2,salaried,own,0
54,24426.452087118978,17896.06277956232,40,18,1,unemployed,own,0
30,75198.61556896355,17528.23675341015,31,27,5,self-employed,mortgage,0
56,35934.271966209,16283.683371298555,49,10,1,salaried,mortgage,0
34,25012.34050018514,6983.464280290108,31,28,1,self-employed,own,0
51,17331.727677095732,6445.720219268608,36,17,2,self-employed,own,1
35,25799.23290497233,32757.146692172046,13,1,2,salaried,own,0
28,21307.29535431307,43880.7841833443,43,8,2,salaried,own,0
34,23056.824163904752,39735.505003312,37,23,2,retired,own,0
43,42497.52901440506,7914.272107046203,17,16,1,salaried,rent,0
60,16811.84385601777,27733.523967811256,52,27,4,salaried,mortgage,0
41,28474.674412058936,6173.98575285536,14,13,4,salaried,rent,0
36,35400.10251135979,3219.4375370407947,44,3,2,self-employed,own,0
65,15818.631633393039,33162.90710985359,12,28,3,salaried,own,0
38,14598.722330470428,27222.464350337166,16,16,0,salaried,rent,0
44,20431.41688797436,5019.1605753620715,24,16,5,salaried,mortgage,0
46,17486.51348621876,2712.023073893434,30,11,3,retired,mortgage,0
45,39189.58510460576,49498.0642570574,23,27,5,salaried,mortgage,0
65,13347.920190496454,2471.045275304522,59,19,3,salaried,rent,0
61,22793.613915048016,22781.884399457824,36,17,3,retired,rent,0
49,78670.550643069,25726.332205777082,46,2,4,salaried,own,0
35,27079.391786425414,6746.7272422218075,23,10,0,retired,rent,0
65,29426.32827518413,9284.027143546096,41,24,3,retired,own,0
21,39353.54142336959,18238.445314107274,16,17,2,unemployed,own,0
45,17474.980780748847,38322.11793446947,45,3,5,salaried,rent,0
27,12826.77658545985,25847.03877895307,33,16,4,self-employed,own,0
29,24058.788574676797,32257.191853095115,50,17,5,self-employed,own,0
44,25152.231875981885,49273.553199443064,24,4,2,retired,own,0
21,9807.420800439162,38632.26633034727,58,13,2,salaried,own,0
64,26569.944696928218,22283.71340891967,14,9,3,self-employed,own,0
28,37606.23910854934,22875.654168030887,31,14,2,salaried,own,0
44,13954.062499949878,31319.831775009246,42,0,0,salaried,own,0
31,27385.745620712554,33602.89521252632,16,15,2,salaried,own,0
37,34411.00930805387,25534.835365996896,35,10,3,self-employed,mortgage,0
28,29535.23109821174,32598.199917934016,51,22,5,salaried,own,0
55,30961.60351153778,2153.09222629084,44,19,2,salaried,own,0
55,19488.89078930605,22051.52033094536,19,5,4,retired,rent,0
53,12534.596636925195,14667.965727600362,35,23,4,salaried,mortgage,0
25,17613.602798961212,7329.547816912409,31,28,4,self-employed,rent,0
62,16431.762015364166,5877.779127629981,27,21,5,salaried,own,1
59,21160.054824022696,30556.416115118707,23,15,1,salaried,rent,0
61,38049.204361515745,26656.426810477973,24,29,4,self-employed,rent,0
48,11430.950776987009,13425.62173282209,56,1,4,retired,rent,0
27,23673.81848964868,24076.55287985321,53,0,1,salaried,rent,0
29,12942.854997776982,25119.383443938004,50,23,5,self-employed,mortgage,0
28,15214.07919716037,10555.440041492175,36,23,4,salaried,mortgage,0
32,29125.529655695416,32952.56003220088,57,8,3,salaried,rent,0
54,12149.307767984053,39265.04846291843,43,21,5,salaried,own,0
53,31796.83847661455,39781.71350358643,35,11,4,salaried,rent,0
43,11202.786003782086,30521.021704469298,59,16,4,salaried,mortgage,0
44,30745.231920601997,26070.29054343169,58,29,1,salaried,own,0
57,10150.05461466616,3989.3500072643496,55,24,3,salaried,mortgage,0
55,16172.922309168802,15103.733643728687,20,27,5,salaried,own,0
64,56854.30327501021,5570.300892130325,51,28,2,salaried,own,0
60,51754.83749294986,48227.33488304521,34,14,0,salaried,mortgage,0
42,17921.16460869003,7618.927165062274,24,29,3,retired,own,0
47,26768.47834276835,8436.995082704001,43,18,2,self-employed,own,0
55,40216.55514831197,44589.254298194115,26,26,3,salaried,own,0
21,30966.09227366019,47252.485890346434,47,21,2,retired,own,0
55,19211.56800359196,38525.622922510585,16,9,2,self-employed,own,0
57,15148.887001356776,1264.8412599608237,33,28,3,salaried,own,0
34,33997.81617807919,1065.9672768716214,27,25,1,salaried,own,0
23,38768.046957804996,19526.937719585087,52,26,3,self-employed,mortgage,0
21,51940.33407813919,8026.373130533734,21,11,3,salaried,mortgage,0
25,9474.651879004197,1900.920965428267,35,13,2,self-employed,own,0
46,11771.511431479521,23739.26778082073,29,8,0,self-employed,rent,0
34,39377.969969236714,47210.032972941604,29,26,2,self-employed,own,0
59,10139.913298095218,16867.159170219136,18,12,4,retired,own,0
47,40915.93919392112,33395.893243006125,15,2,3,salaried,own,0
29,19782.11937894433,32959.5323034896,37,20,5,salaried,mortgage,0
35,16975.78320900099,13302.92507959322,16,28,3,unemployed,mortgage,0
35,24409.1733632137,32870.83719236935,27,13,1,salaried,own,0
46,11240.917788352956,11404.364740057672,46,20,5,self-employed,own,0
62,33256.56317406753,6978.363265267563,37,9,2,retired,own,0
33,51267.817691194876,35367.780992424814,29,15,1,self-employed,rent,0
52,34039.881718687866,6558.60003809192,40,6,3,salaried,rent,0
59,19472.249992791498,49848.55171087841,34,3,2,salaried,own,0
52,10208.562890076772,9989.167656361236,25,26,2,salaried,rent,0
24,10406.712107446954,30112.951275066418,26,19,4,salaried,own,0
50,11329.648717190285,21157.35399921688,44,22,4,self-employed,mortgage,0
57,21891.656499264165,7192.934697877688,36,24,0,self-employed,rent,0
43,23311.452249064292,2364.3514712932565,32,10,4,self-employed,own,0
59,34003.60255109974,31513.88183234883,28,15,5,salaried,rent,0
65,8973.09116130128,40531.12062566718,34,19,2,salaried,mortgage,0
35,42429.75293082213,42258.76741383046,54,3,4,self-employed,own,0
63,31169.743992842657,24652.960180769787,28,21,0,salaried,own,0
49,18705.66790549872,39095.317891936895,25,21,3,salaried,mortgage,0
56,12150.422588786709,33969.50954093869,40,22,5,self-employed,own,0
33,41133.177810972105,36488.47184745753,31,16,4,self-employed,own,0
52,18957.464147727773,25137.351255868893,41,12,2,salaried,own,0
27,21807.092727378258,32037.175271864227,30,10,3,unemployed,mortgage,0
42,26683.641678034575,40470.76976522679,50,29,2,salaried,rent,0
48,13952.312541700561,20496.324602294128,24,2,3,retired,mortgage,1
22,19128.0229794216,40492.9661425116,29,8,5,salaried,rent,0
62,33950.48610037262,30008.82529666408,34,5,2,salaried,own,0
65,32274.9943045376,9129.150194168526,57,21,4,unemployed,rent,0
26,32420.739445671403,2209.523704004646,44,20,4,salaried,rent,0
48,12362.341124337527,18774.92641955845,50,10,0,self-employed,own,0
48,19569.1538945718,27788.120086520652,51,15,3,unemployed,own,0
64,18066.290589725177,42151.19725797093,29,18,0,unemployed,own,0
64,27244.02257918655,7246.798326872064,20,26,1,retired,rent,0
40,26051.45747686929,40210.11103649538,44,4,4,salaried,mortgage,0
50,23806.493661656976,43287.44325729412,43,13,3,self-employed,rent,0
31,75573.95390279875,8383.686863040855,28,16,5,salaried,mortgage,0
48,19045.706221029566,42728.12164590673,30,2,0,salaried,own,0
45,17963.34293844333,49581.22482429681,38,3,5,unemployed,mortgage,1
59,12352.640993623972,36615.10272136364,17,15,5,salaried,mortgage,0
53,10209.524489276015,39453.71440942441,46,15,5,salaried,own,0
21,11966.200281908692,49726.348110384795,48,20,0,salaried,mortgage,0
47,15377.474722422245,30668.581275771325,45,25,1,self-employed,own,0
33,42405.63558884591,16086.43271879622,31,24,0,retired,mortgage,0
61,22462.03775097057,42039.01086972673,36,3,2,salaried,mortgage,1
23,24261.96880261822,31109.80309806993,15,18,4,salaried,rent,0
59,20991.300015695466,29478.575762326873,21,25,0,unemployed,rent,0
26,26440.45483920915,13428.142220187876,21,16,0,salaried,own,0
28,44401.83487628714,38060.37920956145,35,12,1,salaried,rent,0
47,8127.710746270867,5001.696517144716,32,25,2,salaried,own,0
29,40504.51214160363,46290.0664689384,22,21,0,salaried,rent,0
57,6263.414569250238,16965.349577753754,38,22,4,salaried,rent,0
53,22339.269117253993,7260.957986709532,27,25,4,unemployed,mortgage,0
62,65903.95127694999,22675.96012201852,37,23,0,salaried,own,0
64,30956.212029991682,3081.0255535701244,41,27,5,retired,mortgage,0
44,26543.21577521249,34546.68351898335,27,0,5,unemployed,mortgage,1
35,59932.4266117853,45232.570011822456,18,11,2,self-employed,rent,0
52,15498.035469934,42025.88734978693,27,3,4,salaried,own,0
52,27364.004141586473,7241.104198946173,46,10,5,salaried,own,0
44,29409.074105100677,7187.285718278861,27,4,4,salaried,own,0
61,16963.155252715,40858.28963388894,51,1,2,retired,rent,0
32,17728.785734870256,46288.45945555268,23,16,2,salaried,rent,0
59,16782.807585353192,23572.821661840968,46,7,5,salaried,mortgage,0
22,23009.38573266105,25449.58472877453,32,5,0,salaried,own,0
23,28950.588266633426,16594.84002790057,54,20,3,salaried,own,0
57,23426.312524309924,44818.990794564284,47,28,1,salaried,rent,0
37,31405.267377857745,32600.242359325443,59,8,3,salaried,mortgage,0
22,8229.054125664426,15124.327281201056,28,12,3,salaried,mortgage,0
22,19749.321555689523,15640.360681658329,43,10,4,salaried,mortgage,0
48,13204.20138698419,44668.80358011652,52,28,2,salaried,own,0
43,25613.15219973504,1668.067171385252,17,15,4,self-employed,rent,0
57,25424.249806256128,16813.60206360528,35,15,5,salaried,mortgage,0
52,20789.200882461406,28163.47737960208,38,26,1,salaried,own,0
53,28428.274369027626,8262.655642866906,31,1,5,salaried,own,0
21,36275.808266050546,5512.8389557799,36,9,0,salaried,own,0
39,21369.922865843357,40948.54022343744,13,11,1,retired,own,0
22,13018.836587224345,44825.815043776856,20,7,4,salaried,rent,0
64,9990.313120454659,41356.714619111284,39,10,4,self-employed,own,1
46,22427.767432299257,45040.606597130034,49,29,5,unemployed,own,0
52,24857.96120791102,28102.486581860205,14,9,4,unemployed,own,0
26,13564.86204664524,40800.647928526756,31,12,4,salaried,rent,0
52,31662.34540098899,19818.08928116392,17,24,3,salaried,own,0
24,17509.897248256337,33647.125212472885,50,16,0,self-employed,rent,0
31,9621.77047141935,49452.94103806906,44,6,3,salaried,own,0
37,41283.499495913784,12060.658468117244,12,23,4,unemployed,own,0
58,39026.413285426315,20105.08756826295,48,2,2,self-employed,own,0
44,8040.127993762123,24522.321488194197,17,29,3,self-employed,own,0
25,16625.6150307923,7762.758863982534,56,19,4,salaried,own,0
54,16304.691366708319,4970.8919127877825,45,12,4,self-employed,own,0
26,49998.302293746114,41656.42044975959,58,18,0,self-employed,mortgage,0
42,20959.63334037338,48862.924268551724,26,6,5,unemployed,rent,1
31,10426.030607071767,20831.528127653273,56,8,1,salaried,own,0
36,34236.66384654803,5294.84197353801,37,18,3,salaried,own,0
53,11903.791325233831,4224.776273838248,25,12,3,salaried,mortgage,0
29,19338.046480788104,44674.59211165464,18,21,3,salaried,rent,0
26,14989.654783719321,23726.898236656318,57,7,4,salaried,own,0
36,16643.45709417743,16681.338511557202,42,21,0,retired,rent,0
49,35193.93497105972,24346.602290730578,35,17,4,salaried,rent,0
23,47130.00286306778,16596.90063992502,42,28,4,unemployed,rent,0
40,11647.136407057891,24962.75299007338,40,22,5,salaried,own,0
56,30122.817280652453,43118.263448978905,53,1,2,salaried,own,0
39,15269.660810376527,30022.767182042688,43,17,0,salaried,own,0
46,15508.818009598548,35038.034867698596,28,17,3,salaried,mortgage,0
23,28150.43568496169,18868.863135482494,25,10,1,retired,rent,0
39,13174.634316265076,37186.78804701542,51,0,3,salaried,own,0
40,27869.86566445806,33664.23715908924,47,13,4,self-employed,mortgage,0
52,31731.23094726744,6858.537889850766,59,15,0,salaried,mortgage,0
27,17742.778537282204,29059.499802663646,35,10,0,retired,mortgage,0
61,42767.7268257524,13580.431319178142,56,0,0,salaried,mortgage,0
53,11656.132250824336,40400.687812046046,38,29,2,salaried,mortgage,0
60,43161.45347777479,21870.947714880032,36,6,3,salaried,own,0
59,8333.228917947536,49739.52409462787,43,28,2,salaried,mortgage,0
38,84953.30828158399,5532.5214590092255,29,15,5,salaried,mortgage,0
60,17977.906758346864,39237.045274267766,57,29,1,unemployed,own,0
21,12318.3638243911,34011.38494356567,29,13,5,self-employed,own,0
31,19607.433739569187,38607.442698944564,48,14,4,self-employed,mortgage,0
48,13052.840197002011,16068.959979032361,37,13,2,salaried,own,0
45,26728.418707841647,25110.669979737628,20,27,2,salaried,mortgage,0
43,43644.33042823277,40028.91746646171,46,20,5,salaried,own,0
51,13403.509933445146,12394.525249421895,19,10,4,retired,own,0
50,29427.933449678698,12075.626642643952,31,15,0,unemployed,own,0
62,10235.653192511949,28001.496711451688,53,18,4,unemployed,own,0
55,36918.843609778705,26654.615396962934,33,16,3,unemployed,rent,0
27,27122.480004410536,14830.861050233709,30,26,5,salaried,rent,0
36,37725.50465179853,15605.706875716316,41,25,4,salaried,own,0
46,20719.416787988976,14614.41299712171,39,5,0,salaried,own,0
22,17719.512297619698,38804.09103792589,46,10,4,salaried,own,0
21,33125.5020045711,32943.14241256057,54,16,2,salaried,own,0
32,11452.642166031812,41788.441987102386,22,8,1,salaried,rent,0
25,9214.999668529897,48798.178387387066,42,17,2,self-employed,own,0
57,21971.886042901384,24234.050517327334,59,16,1,unemployed,own,0
52,18127.795395908113,4268.000188866994,50,11,4,self-employed,own,0
29,29054.151646526883,3356.5232101897363,47,22,3,retired,own,0
61,38016.50597483599,15487.586924309338,41,21,4,salaried,own,0
55,28753.27749561742,46694.68487827009,34,21,0,salaried,own,0
39,36532.284516043,26637.43969357287,30,29,4,self-employed,mortgage,0
36,25861.90115071852,14317.539287926329,23,4,1,salaried,mortgage,0
23,28206.22209233369,20559.172931039957,26,10,2,salaried,mortgage,0
40,20778.44426858801,30331.16026282887,42,3,3,salaried,own,0
44,27792.534779551304,32994.53324875427,54,26,4,salaried,own,0
53,23940.4892229635,8542.055979362347,48,3,4,salaried,rent,0
44,25915.289411025406,48874.55215071362,48,2,2,salaried,rent,1
31,20264.74556224519,27693.839122156653,26,25,3,salaried,mortgage,1
28,33006.6587446829,7648.727571821686,40,23,5,self-employed,own,0
56,15440.878584214157,44788.12741396055,54,22,4,salaried,own,1
58,21825.307927608374,4657.283122892011,37,24,4,salaried,rent,0
60,42441.925010688254,45479.036225698124,55,16,5,salaried,mortgage,1
40,13706.68691250426,49831.717158160136,13,6,1,salaried,mortgage,0
55,7473.1903038132905,35321.15815866869,31,25,1,self-employed,rent,0
45,26455.74413169886,38751.9138326255,26,3,0,self-employed,mortgage,0
55,19370.81352652147,17527.838986906834,15,22,2,self-employed,rent,0
45,36513.27310523546,47137.26578396276,33,12,3,salaried,mortgage,0
49,20634.969416163236,26955.984339310013,49,11,4,salaried,mortgage,0
38,16282.243940125894,36887.033883280186,34,0,4,salaried,mortgage,0
38,21207.099826924514,46281.27807965269,37,20,0,salaried,own,0
22,38045.35552061975,48783.818822799905,22,18,4,salaried,own,0
55,29368.70156348399,41827.01347323704,39,20,2,salaried,rent,0
36,6522.733866571821,15847.85784211947,13,19,0,salaried,own,0
61,24170.39330579936,48360.828311052035,19,17,2,self-employed,mortgage,1
56,24782.203312963306,31777.857030935018,40,10,0,salaried,own,0
53,21826.38891499406,46601.481341246035,22,19,4,self-employed,own,0
24,16229.00016066423,34129.14626490324,48,2,0,salaried,rent,0
53,40025.25613633656,16054.709130538304,29,28,1,salaried,own,0
34,41028.284515401756,19131.20168299798,25,16,3,retired,own,0
41,7320.396481201261,27973.117078044084,21,11,4,retired,own,0
40,14779.853185477506,39710.72723643422,46,9,5,salaried,rent,0
28,20488.820488665468,16581.14501567641,20,7,3,salaried,own,0
27,35392.460699824675,29406.827140575413,46,14,4,salaried,mortgage,0
23,22413.67265900808,17935.624685243674,22,4,3,salaried,own,0
37,15649.63855097962,40972.70082712025,55,3,1,unemployed,mortgage,0
53,31406.394217143363,23869.67659462957,23,25,3,retired,own,0
32,19817.72379064377,4759.418515791376,14,27,0,self-employed,own,0
42,20770.719766753737,9136.573552595282,50,20,3,salaried,own,0
42,21729.385268027305,3994.128713361982,25,19,4,self-employed,own,0
50,29353.122864159886,25465.844354701938,39,18,5,salaried,rent,0
58,18877.48458625432,6210.527570063131,22,20,5,retired,own,0
58,31053.70010621572,6592.8584961719735,50,3,2,unemployed,own,0
65,21236.26294775279,47111.364741880476,36,14,3,salaried,rent,0
28,12919.4822989241,43760.09853662671,32,16,5,salaried,own,0
47,21625.140894950233,23152.243243756933,21,11,3,salaried,own,0
47,13258.488906064555,49304.460721660085,54,2,5,salaried,rent,0
54,22482.519944218875,1009.1398803624926,26,9,3,unemployed,mortgage,0
41,33347.46260415226,31084.993357396295,30,14,4,salaried,own,0
50,12876.83831386396,31204.980691221634,59,9,3,salaried,own,0
53,26426.87339183154,23414.709737624522,33,23,4,salaried,mortgage,0
48,14551.964356745015,20450.45067378035,32,22,4,unemployed,own,0
53,24363.716599646494,23313.773638549774,55,17,2,salaried,mortgage,0
25,33863.80828998695,21333.06136790434,43,0,5,unemployed,own,0
39,7594.985173929706,36794.13139663267,34,2,0,unemployed,mortgage,1
24,12616.51673571919,7632.416313690919,24,20,4,retired,own,0
55,18315.633750845893,10684.321808965376,16,25,5,salaried,mortgage,0
37,25784.27901263686,9845.393191228757,15,26,1,salaried,own,0
64,20268.19799348612,13861.058670941962,39,11,3,salaried,rent,0
48,21526.92183162444,26737.66252029758,25,0,1,salaried,own,0
50,61174.900551844825,6449.228619572717,19,2,3,salaried,own,0
49,12013.320569428384,43540.2954709987,20,2,2,self-employed,rent,0
26,38860.84658403473,15570.715034115143,46,4,4,salaried,rent,0
55,18490.473572714145,8964.361385966684,48,18,0,unemployed,mortgage,0
61,28990.90375801994,34105.444170313924,32,28,4,salaried,own,0
57,63861.58448868993,2866.2287293666445,29,24,3,self-employed,mortgage,0
44,31080.596970517,31378.459678834046,44,0,0,self-employed,own,0
49,26535.741919233646,35211.72310314849,19,3,4,self-employed,mortgage,1
51,48999.29393870127,11530.91003794924,28,28,0,unemployed,mortgage,0
55,38653.75960190377,3056.23959873808,54,28,3,self-employed,own,0
53,14769.255409806172,18818.62258705303,42,25,2,retired,mortgage,0
41,25521.139079185017,5831.117281854888,45,25,2,salaried,mortgage,0
52,9332.443278552153,6707.414633993517,17,3,4,salaried,own,0
43,16813.262791495774,13458.800340798363,33,16,1,salaried,rent,0
53,25771.5508892221,15477.928306711206,25,13,3,salaried,own,0
23,16300.439075990256,26968.54671004961,14,17,4,salaried,mortgage,0
38,25252.574072828065,34241.20238964764,23,26,4,salaried,own,0
45,21879.550056376305,30045.776102639054,47,0,2,salaried,own,0
62,28802.237849055742,8269.656527186324,23,21,0,salaried,own,0
51,17816.86017811291,9432.215590178695,56,15,3,salaried,rent,0
23,13765.56610008636,44059.69323985281,13,2,0,retired,mortgage,0
60,46122.83364005831,28359.26343814157,13,22,5,salaried,mortgage,0
44,17191.17807584758,43626.95381198676,26,20,5,self-employed,own,0
52,30638.274180257355,19205.779054673843,34,8,3,salaried,own,0
42,45144.48997700368,31105.60036413487,40,22,1,retired,rent,0
43,23892.861218109334,26659.507386675927,28,3,5,unemployed,rent,0
22,14354.90127703189,16637.051001202664,43,20,2,self-employed,own,0
47,20144.669928911317,24025.85322964617,18,4,1,self-employed,own,0
62,36635.4070797323,25622.05296451967,41,10,4,salaried,rent,0
22,24419.170349581123,10837.77776307725,39,20,5,retired,own,0
46,12057.342674220614,16435.508246459845,25,25,2,unemployed,rent,0
37,29682.766883292516,39779.077774841804,55,8,4,unemployed,rent,0
60,32362.82720160051,45873.62373325223,41,25,1,self-employed,mortgage,0
53,18441.227404120906,18629.910583719673,28,2,3,salaried,rent,0
29,29885.305621830732,16041.64182824189,43,5,4,unemployed,own,0
63,24897.166921591714,10564.661064022244,57,23,0,salaried,mortgage,0
59,19956.002029486423,34246.06726387848,17,10,3,salaried,rent,0
49,11536.049243579553,16831.88538165053,35,8,3,salaried,own,0
62,37758.917334121914,49399.72741586024,17,28,1,retired,rent,0
46,32196.257560861835,16958.55530113371,38,14,1,salaried,own,0
55,29494.029947537645,20312.66629234878,29,22,2,salaried,mortgage,0
45,47679.79498119998,30563.375614389704,35,27,2,salaried,own,0
44,35333.85553137692,40282.53036637394,48,2,0,self-employed,rent,0
33,31047.792911370136,24006.414601936052,35,0,3,self-employed,own,0
27,7283.642256138446,21710.14565565896,49,19,0,salaried,own,0
56,40072.57547266455,49786.253846145606,45,28,0,salaried,mortgage,0
65,22960.721109328515,1514.1884158572777,51,21,1,self-employed,mortgage,0
40,25751.44034172639,44858.199153711044,58,18,0,retired,own,0
21,25839.680540766734,8307.900471047134,26,13,0,unemployed,own,0
28,32432.502801388862,39510.338534236755,22,16,4,salaried,own,0
36,38603.08653878627,31278.646432468602,33,21,2,retired,rent,0
34,30246.04077825708,17750.51698940651,35,13,2,salaried,rent,0
32,27935.199254548294,43819.8728205299,12,16,3,salaried,rent,0
43,24729.604549004172,1632.4541710686067,29,24,2,salaried,rent,0
35,4122.416260977575,12107.84195167126,55,26,5,salaried,mortgage,0
48,19076.347393467284,28777.747016227266,23,13,3,self-employed,own,0
54,13755.6543129344,18225.570742435204,54,11,4,salaried,own,0
22,40350.931925139615,30908.497270598054,39,15,2,salaried,rent,0
52,30016.982960167825,2181.3994770246745,51,0,4,salaried,mortgage,0
43,17517.076890015254,6706.487593603913,18,12,2,salaried,rent,0
42,18419.062428474834,7227.715770703523,34,5,2,salaried,rent,0
45,18088.095946078563,10274.898649884462,32,16,4,salaried,rent,0
42,17927.424652378344,23507.240599226596,45,11,0,salaried,mortgage,0
42,10697.028570992097,37854.30627763499,22,22,0,self-employed,own,0
62,9598.482128698986,45371.40305851615,33,18,0,self-employed,own,1
26,22348.698958303346,41933.25398392806,53,5,5,self-employed,mortgage,0
35,37709.11304963332,10647.505717008495,46,6,0,salaried,mortgage,0
63,16833.986894981,22616.377059300987,40,0,2,unemployed,own,0
57,25635.21767396976,10771.168290168216,53,0,1,retired,own,0
53,31797.102828261945,13959.119016692348,39,28,4,unemployed,own,0
28,13404.032817735251,25673.80209408242,29,4,1,self-employed,own,0
64,21807.566716499365,4337.342211452604,25,5,5,salaried,mortgage,0
64,15783.806042045639,11690.542150070387,29,15,1,retired,own,0
25,49171.022034131776,46833.529904048744,39,24,3,salaried,mortgage,0
59,48109.250391303874,23839.69834026596,35,15,0,salaried,own,0
24,13410.973652126648,22823.93977291574,19,13,5,salaried,rent,0
26,26713.977026106426,1713.790582812666,53,0,2,salaried,own,0
65,37563.93337961917,13122.587605858944,56,12,0,retired,rent,0
52,33663.34201294263,43448.32936312688,19,19,0,salaried,rent,0
50,22943.306507266814,9066.792984674768,15,9,1,salaried,rent,0
55,42331.159746440724,21341.122037201334,38,23,3,self-employed,own,0
60,14013.026713498737,1702.2143874830613,47,9,0,salaried,own,0
36,18929.058891928922,24438.438601857237,16,8,4,salaried,own,0
33,14202.578194762298,2030.0342295846406,44,12,4,self-employed,own,0
62,32573.252246900844,41160.868100224194,45,2,0,self-employed,rent,0
50,16459.886239065363,41417.83460686808,41,26,1,salaried,rent,0
39,20218.946963896877,39599.367226816124,19,17,1,self-employed,rent,0
37,29996.475911660316,14884.839375664791,50,19,2,salaried,rent,0
39,31229.703522893276,42024.623692869085,58,1,5,salaried,own,1
48,13994.740044209237,27606.908497658194,37,16,5,salaried,own,0
46,37358.94457785767,19316.597334483118,48,27,5,salaried,own,0
57,27662.827801856856,31641.168025507417,45,18,3,unemployed,mortgage,1
46,12824.9603730021,1604.7112569583264,18,22,1,unemployed,rent,0
43,11340.572399130802,8005.083002436856,51,12,2,salaried,own,0
29,21852.926879958402,37372.383370342875,39,12,4,salaried,own,0
32,33693.05441515734,12963.918827091496,50,0,5,self-employed,mortgage,1
21,34127.47069552546,30302.44674910873,50,1,4,salaried,rent,0
21,26319.97507952959,19870.027538328453,39,0,4,salaried,rent,0
54,22569.10961643405,42885.483161163815,25,23,0,retired,own,0
52,28449.0155043583,47668.34999383554,49,4,3,self-employed,own,0
45,14361.908573739422,44294.67169013933,15,23,2,retired,mortgage,0
60,51199.95496885671,14260.379739986236,53,2,3,salaried,rent,0
65,50866.976949034135,10513.980583258031,29,28,0,self-employed,own,0
21,27293.562767604548,24247.309787416016,55,27,2,salaried,mortgage,0
36,24310.173639323046,1359.3733909728335,59,6,2,salaried,rent,0
59,17931.056952137274,2264.660250295905,36,23,1,salaried,own,0
25,28692.0231158197,28111.241341527002,18,21,3,salaried,own,0
42,15589.319549386435,26502.02080409901,49,12,3,salaried,own,0
49,7245.9211135695095,49734.51746272774,39,28,1,salaried,own,0
23,5670.01107370599,10890.249932824147,16,22,4,salaried,rent,0
32,14768.485530726872,13647.092528862953,14,29,0,self-employed,own,0
46,23817.81386618216,6563.491473988048,55,27,3,salaried,mortgage,0
36,26003.48553291377,45959.60747303349,42,17,1,salaried,mortgage,0
57,17268.192350531866,39112.750978464086,58,23,2,salaried,own,0
42,23645.251312063774,41294.61646138553,53,20,5,salaried,own,0
49,19204.229524159433,45235.42561026093,31,6,1,self-employed,mortgage,0
34,13364.31830351048,26720.099349566073,30,0,5,salaried,rent,1
48,21442.447093931358,23108.46638108546,59,4,4,self-employed,rent,0
25,33073.19968412757,17189.18220961521,22,16,0,salaried,own,0
50,13670.139385619503,29871.51610304492,51,27,5,salaried,own,0
25,13673.264290447003,23259.641442701304,14,28,4,unemployed,rent,0
32,12905.059245328912,23126.71374367318,34,7,5,self-employed,mortgage,0
36,8364.40626772578,46909.4653228258,18,14,2,salaried,own,0
46,17324.878532570605,49217.54419967738,34,19,2,unemployed,mortgage,0
46,31477.965007964107,40027.73507714946,18,3,2,salaried,own,0
41,24027.59022870456,38081.14642209949,57,1,2,unemployed,mortgage,0
59,20239.158733189728,34347.34992717597,45,4,1,self-employed,rent,0
56,23494.75301206476,9137.667764342172,53,0,2,self-employed,own,0
53,17248.996662677473,3896.185222907072,30,24,2,retired,rent,0
50,8316.99824926816,34845.58944054989,20,4,1,salaried,own,0
57,32593.214154162146,36710.524890572226,59,5,2,self-employed,own,0
43,37630.203326910545,3301.67656380885,29,1,4,salaried,own,0
30,15304.797372119147,46474.535761213556,52,25,4,salaried,own,0
25,20426.374035322115,5465.8913327892,59,25,3,salaried,own,0
56,19565.05634386523,15009.126154788917,56,0,4,salaried,rent,0
54,26255.8579917203,33947.10082713652,53,3,0,self-employed,rent,0
51,51274.39215758109,9323.75712581934,36,6,0,salaried,own,0
30,39336.00840031689,3715.378533669977,25,21,0,salaried,mortgage,0
39,18243.112441165187,17226.17796904334,55,25,1,salaried,rent,0
52,28889.455061442946,38532.60716790378,36,0,4,salaried,mortgage,0
21,41240.59782578427,21270.255270277758,30,0,0,retired,rent,0
25,27015.676353824332,32995.67317348903,50,7,3,salaried,own,0
65,21974.77091679722,29401.335764178697,26,19,1,self-employed,own,0
24,27529.131420094,2088.70561925344,27,15,3,self-employed,rent,0
36,15496.418918815092,49438.45936523963,38,20,4,self-employed,own,0
44,16669.89101528228,3029.97635215,51,12,2,salaried,own,0
36,12938.761886854372,48422.33414477576,21,22,3,unemployed,own,0
22,25681.65642577739,27943.34473985551,15,23,2,salaried,own,0
48,20625.811316543015,48194.79232618826,30,25,1,unemployed,own,0
52,14595.09758304711,6622.926371277937,39,22,3,salaried,own,0
47,20290.545024515024,25030.01744009015,32,17,3,salaried,own,0
40,27861.445499209505,9305.700501436873,58,29,5,salaried,rent,0
44,57374.552800116886,3497.768974099678,25,19,1,self-employed,rent,0
32,36535.29038595975,31258.926638053268,44,9,1,salaried,own,0
55,7029.888128662602,11181.38762712288,59,11,0,salaried,own,0
53,24826.18528542827,29797.153896089752,21,0,4,salaried,own,0
53,45010.99766083244,6505.859615500296,30,9,3,retired,own,0
63,11283.121938933302,17267.337100202436,41,8,3,unemployed,own,0
57,29021.134955739457,39299.99534460911,33,2,1,salaried,own,0
32,19568.548876547382,22415.524570267196,14,27,1,self-employed,rent,0
23,39149.59143426384,31759.52532996948,48,18,4,salaried,rent,0
21,26960.5131205568,32725.43909653175,52,25,1,salaried,own,0
53,14157.393461425328,42343.99715537739,29,8,2,retired,own,0
60,19921.887105325797,16921.216925925422,22,9,2,salaried,rent,0
30,20519.93562253022,34677.48256654336,59,18,5,salaried,mortgage,0
63,20710.806425932984,48119.17454526212,13,15,2,salaried,rent,0
64,38546.91972349064,36781.92338353553,23,23,2,salaried,rent,0
49,14453.473413687641,25003.653359169482,17,17,4,salaried,own,0
33,36370.949882222325,31905.15478010453,54,13,3,salaried,own,0
32,18937.0417140214,37244.4619903923,51,28,2,salaried,mortgage,0
51,24630.863593431077,31001.51251899975,55,2,5,salaried,own,0
22,22838.175827673713,1817.1148610021185,40,1,1,salaried,mortgage,0
55,21787.622906484125,10543.901386674066,41,0,2,salaried,rent,0
43,21877.16292211355,40712.942643557835,13,17,5,salaried,rent,0
37,45646.36609022493,14359.88171831175,20,23,4,self-employed,own,0
46,33564.524255754186,36846.54385849556,58,8,1,salaried,rent,0
28,18373.085996686856,19233.890546843235,13,12,5,self-employed,own,0
49,48600.72011991665,26572.332079739215,40,1,2,self-employed,own,0
46,25269.174609720576,4330.6916911507815,44,6,3,self-employed,own,0
30,26339.161199321694,9880.052491435768,21,15,1,salaried,mortgage,0
46,14491.832014337451,47902.65121244249,45,20,1,salaried,rent,0
54,17175.696524038896,44616.764618898786,55,18,3,salaried,own,0
61,15611.268091249869,32961.48043405346,19,24,1,self-employed,own,0
27,22995.100086479903,23522.58527190113,48,14,2,salaried,rent,0
24,30314.806627848713,34112.303351865965,44,21,1,unemployed,rent,0
65,26465.999480687107,31311.90416560301,58,10,2,unemployed,rent,1
31,48728.6327624524,28859.06052462599,17,0,3,salaried,rent,0
49,14130.925852175762,3899.676521313549,55,20,0,salaried,own,0
56,23328.5805702518,32007.32792241384,51,6,3,self-employed,rent,0
45,11597.331822682052,38677.08218398725,56,19,2,salaried,own,0
41,13891.945825951176,49710.0010776332,30,7,4,salaried,mortgage,0
56,41451.907908893394,1542.849077121174,43,9,3,unemployed,rent,0
30,17473.095322905032,36778.499212223156,38,4,4,salaried,own,0
57,14739.969580010544,29017.676480863043,12,8,4,retired,own,0
29,7593.224095480104,22268.55662796688,54,24,2,self-employed,mortgage,0
44,14666.520761533458,7250.938553997173,44,24,2,self-employed,own,0
55,19877.82092735009,21045.172283108936,51,0,0,salaried,own,0
55,11173.481427674627,18364.48196632063,43,1,5,salaried,rent,0
56,19314.44046044278,15838.664559958368,16,18,1,salaried,own,0
38,41577.54556001821,36813.10154278818,28,13,3,salaried,rent,0
59,15465.19555177955,35335.550542928926,19,19,2,salaried,own,0
52,13743.324239127998,29861.984458064668,53,9,3,salaried,rent,0
44,12557.197254169385,46994.57585137524,45,8,5,salaried,own,0
43,12445.544343017782,18142.86482486187,20,9,5,salaried,own,0
52,28790.153734346266,12946.294947798799,34,28,4,self-employed,mortgage,0
57,22569.040764462403,33139.26234182158,46,5,1,salaried,rent,0
32,35540.5095736549,10741.888985932745,18,16,0,salaried,own,0
33,60470.98521912113,16435.514851987806,26,27,3,self-employed,own,0
43,8820.24065737643,12005.519563669357,31,24,1,retired,rent,0
45,26636.54313995714,4388.524818206561,36,5,0,salaried,rent,0
55,12590.405476856677,41547.43834014799,14,3,3,salaried,mortgage,0
61,32677.74842696576,13472.486603161398,57,29,1,salaried,mortgage,0
50,19226.48432514243,24178.347663808014,35,19,2,retired,rent,0
37,22329.442551858938,3122.4483894612854,45,2,3,self-employed,own,0
40,11595.95125044368,35267.63384637951,57,22,1,self-employed,own,0
45,17797.023219644136,17197.48911300825,33,18,5,salaried,rent,0
42,23036.40628784624,37492.099663631285,22,17,0,salaried,own,0
33,43392.37760330881,21207.74996292544,59,25,1,salaried,own,0
39,14804.992534729154,10592.024713875606,19,23,2,self-employed,own,0
56,16724.90515678141,26145.579031819758,50,3,3,self-employed,own,1
32,35317.88673952562,7394.72342223455,54,7,3,retired,own,0
61,14333.143448637273,22586.41883377674,46,16,3,salaried,own,0
39,38995.15052966551,16547.968393603842,57,4,2,salaried,rent,0
32,21926.620216430518,45686.01962578203,49,12,0,salaried,own,0
29,25631.09343597454,3985.5073643152773,19,24,3,self-employed,own,0
27,26469.83736970737,35006.85329118136,48,0,0,self-employed,own,0
48,16185.802098889479,9954.80713338436,38,26,1,salaried,rent,0
34,26767.49105172722,16633.20864227975,39,12,5,salaried,own,0
51,14970.17410853724,21360.189090041233,51,3,5,salaried,rent,0
39,17136.200582561207,45492.739379373736,45,21,0,salaried,mortgage,0
36,29124.804634484262,12886.335037617433,43,25,0,unemployed,own,0
25,25506.713673835457,5474.131324688841,26,23,5,salaried,own,0
55,21216.14069638366,16615.790595535655,55,13,3,self-employed,own,0
32,11738.557031205657,6129.122556241134,28,2,4,salaried,mortgage,0
45,13298.690561298004,7301.227812067073,44,4,4,self-employed,rent,0
41,25294.810167465508,29118.679300776308,58,6,2,salaried,mortgage,0
56,31763.410139339903,3984.194721875173,57,0,5,unemployed,own,0
43,12647.024482840634,2515.6131882847358,27,22,5,salaried,mortgage,0
36,14473.68390356333,36006.29097205439,40,28,2,salaried,own,0
59,23554.981060721006,18720.70764721118,20,11,4,salaried,own,0
65,23304.31769803018,7143.392112459791,44,10,1,salaried,mortgage,0
62,9779.282493057362,13427.025772125704,40,23,3,salaried,mortgage,0
59,23879.640351125625,32462.238860267553,24,7,3,salaried,own,0
34,16330.929349113681,14501.291789901708,32,24,1,retired,own,0
51,50037.265402916084,25231.53513089999,32,5,1,salaried,own,0
25,24949.25575729503,6963.070029606942,16,27,4,self-employed,own,0
55,27193.59441056044,29816.5882426669,21,21,2,retired,own,0
43,27547.84668012406,16487.80650831994,17,1,1,salaried,mortgage,1
49,12004.493411914293,31721.45329190711,24,18,2,self-employed,rent,0
63,58217.33528819124,40611.34923289712,12,19,0,salaried,rent,0
31,9784.398206213269,30970.67455010963,31,19,3,salaried,rent,0
38,32789.10487837453,15491.630567156013,58,23,4,salaried,rent,0
32,30011.381401273306,13531.44137586672,57,13,3,retired,rent,0
29,17352.620475871998,17043.626977938955,19,0,4,salaried,rent,0
30,30737.08418075635,9066.405148588738,21,9,0,salaried,own,0
64,18792.505027680487,9877.420691650983,20,15,3,salaried,rent,0
37,15713.402311091284,39743.86399310823,52,29,0,unemployed,rent,0
58,27855.329309927787,19851.896248864803,14,3,4,salaried,mortgage,0
27,13315.972113144455,22363.763847958708,22,26,1,self-employed,mortgage,0
33,19690.123042959047,30108.423812773748,23,27,3,self-employed,own,0
60,16365.187195391887,29893.021262425835,21,28,0,self-employed,rent,0
62,18620.34809265527,4301.466704574361,36,10,5,retired,own,0
29,27347.059806454683,41745.498530545614,36,15,3,unemployed,rent,0
47,16363.635655956903,9689.001107973032,22,26,3,salaried,own,0
22,20007.01104713623,36430.51016643377,47,19,3,salaried,own,0
25,17127.272825295186,38860.87841828016,50,0,2,salaried,own,0
49,45342.42161629276,36030.07717047437,37,15,0,salaried,rent,0
57,26142.201392507523,29369.904681153115,25,18,0,salaried,own,0
58,24588.51680723866,1715.8408583352602,50,20,3,salaried,mortgage,0
39,30998.96985129392,18658.399125795364,51,21,1,salaried,own,0
28,16365.532274999598,30637.13203876648,12,8,3,retired,mortgage,0
65,33847.77728427809,19985.113500204396,15,8,2,salaried,rent,0
21,26188.84597393473,43310.51485072784,41,8,4,retired,own,0
42,10092.567578555338,16131.311492131152,23,26,2,salaried,own,0
37,10785.787599352034,15383.20483047436,46,16,1,self-employed,rent,0
27,16545.202731300607,14033.88696154024,24,11,3,unemployed,rent,0
45,11378.68050162822,17306.262579078983,42,24,0,salaried,rent,0
65,19552.54565855159,28312.84325139517,49,12,5,salaried,own,0
24,13268.273379675325,35643.74941935695,54,7,3,salaried,own,0
56,20976.089514454186,33465.82796920047,34,15,1,salaried,mortgage,0
26,44616.30650834785,40578.173179092504,15,17,0,retired,own,0
51,21489.32433462121,44409.78577937382,27,28,2,unemployed,own,0
39,18930.275023581293,40987.87307482421,18,26,4,salaried,own,0
64,26745.49491886041,1928.324765343374,33,0,4,salaried,rent,0
59,15549.59859641294,37059.97972404745,40,0,3,salaried,rent,0
47,33580.712711715285,11211.579107298248,22,11,2,salaried,own,0
30,28214.92794346301,7513.474092691149,44,5,5,self-employed,own,0
46,22458.687312719165,32285.95045515764,40,8,5,salaried,own,0
39,23793.266889133047,16667.41657497705,50,22,1,salaried,own,0
59,61137.0262127331,3798.7410051517195,23,4,4,salaried,own,0
23,35282.9846383069,7743.856985519706,18,26,2,salaried,mortgage,0
65,66155.50033904746,1045.541426628092,50,15,3,self-employed,own,0
33,28739.136002746905,45257.957739890655,53,17,0,salaried,own,0
48,10552.882018051614,2206.281208220691,59,16,3,retired,mortgage,0
40,19320.329231091517,11263.332705966042,37,17,3,unemployed,own,0
48,9413.476038542352,21396.876253707458,51,0,2,salaried,rent,0
28,28685.628216912493,18471.994971590135,20,18,4,salaried,own,0
61,31974.759300321355,45674.56796872601,52,21,2,unemployed,own,0
59,14143.946495370876,2974.1583409925634,45,28,0,retired,mortgage,0
21,15869.93646705977,26098.520676175525,56,7,2,unemployed,rent,0
23,23727.154912429713,34343.493663694324,24,2,1,salaried,own,0
33,12099.845566060549,46653.20071037727,47,25,3,retired,rent,0
48,11654.179096268917,31398.191354062328,36,24,4,salaried,mortgage,0
45,40917.6186871307,40384.006564576375,35,25,5,self-employed,own,0
53,23326.73272387769,5102.521954422072,55,4,0,retired,rent,0
58,16662.989162528273,19911.03603590944,28,22,5,salaried,mortgage,0
26,9451.611695379062,19323.409589474304,13,7,3,retired,own,0
64,33731.10468879607,44428.122606330166,24,18,2,salaried,rent,0
65,15642.406865129427,8417.187391900472,42,17,5,retired,rent,0
52,55845.38801019328,8442.422444494883,40,17,1,salaried,rent,0
65,33848.672107684746,17099.349344404123,39,20,2,retired,own,0
41,14704.797393086405,3668.8363209750414,38,0,3,salaried,own,0
36,15402.177144581414,9940.443991972012,26,14,5,self-employed,rent,0
41,52100.27893011655,48295.27228874102,42,17,0,salaried,own,0
31,21117.77277611001,21981.013053491468,51,28,5,salaried,own,0
57,17040.435981730705,31968.941212699385,26,24,5,salaried,own,0
56,22333.89691168765,36579.45170788721,44,6,4,self-employed,own,0
55,17001.27593077071,18981.108943352825,31,15,5,salaried,mortgage,0
39,24847.793592636484,8214.126646115332,53,15,3,salaried,own,0
40,21207.033812506015,11122.46979486726,23,14,0,salaried,mortgage,0
38,34123.92363832533,16350.057352449907,48,5,3,retired,own,0
61,18137.065633623537,32167.352597259058,20,8,1,salaried,rent,0
34,14151.725182370106,20515.746905363667,34,6,2,salaried,own,1
35,18499.660354620984,1333.9201971062778,19,13,5,salaried,rent,0
51,18443.329712242135,26646.95206830612,43,10,4,salaried,rent,0
21,21188.907495934913,46154.15620346348,59,20,0,salaried,own,0
23,30250.565092509245,40791.80293942527,25,15,4,salaried,mortgage,0
36,29435.434530730676,41435.35719172192,38,24,4,unemployed,own,0
43,40127.98852085321,39957.842862700425,36,5,4,self-employed,rent,0
31,14680.203451012048,16862.81045491076,24,21,5,salaried,mortgage,0
32,26751.8808372568,38494.49785396521,32,26,0,salaried,mortgage,0
30,31686.941138093745,8014.906532748457,56,15,0,self-employed,mortgage,0
52,15723.155805856099,33228.09121652172,42,19,4,salaried,own,0
36,19854.470473088662,32436.859767564725,48,28,2,self-employed,own,0
28,9182.098597593105,2252.920155396999,59,15,5,salaried,own,0
58,34663.025405638,39610.53654595565,54,11,5,salaried,rent,1
32,19776.524833974607,45259.1571496614,16,16,3,salaried,rent,0
44,32967.65104617743,14103.348645133276,24,4,5,unemployed,own,0
48,24416.75263127349,40807.14548512139,39,26,4,salaried,rent,0
28,20078.75129790223,5037.892621235462,54,24,1,salaried,own,0
48,9932.809031054521,30398.425054792235,36,12,4,salaried,own,0
56,10856.548167226745,24796.69640137958,46,7,0,self-employed,rent,0
46,6023.518932626459,27750.253132141,58,23,5,retired,own,1
28,16625.505292328035,46384.05489233291,50,4,5,salaried,mortgage,0
48,68811.37548395542,43694.44711509582,18,11,3,salaried,own,0
48,11568.328082877844,39469.0992047481,49,8,1,retired,rent,0
57,5909.30826251478,14411.224426240178,43,2,5,salaried,own,0
61,35643.941225236646,45679.11280561849,14,2,3,salaried,own,0
56,71815.73882089539,5777.876930729887,56,0,3,salaried,rent,0
47,25564.514911687744,42813.1316113806,50,24,1,self-employed,mortgage,0
37,25447.332353274352,17079.84354532678,48,21,4,salaried,own,0
29,18864.91191536493,3634.843271437185,33,17,4,unemployed,own,0
53,8981.043747222328,33798.49222779667,19,23,4,salaried,rent,0
40,10664.16187296082,12332.716487481817,28,11,2,salaried,own,0
33,18800.21030705105,12934.985167366964,38,8,4,self-employed,mortgage,1
48,17081.859475146895,15996.311145209802,44,8,1,salaried,rent,0
49,20793.870528165553,4120.55360762332,57,17,2,salaried,own,0
33,33344.97655506112,9679.230065714448,28,17,4,self-employed,own,0
55,16466.46362623817,1251.8417516924549,53,28,2,unemployed,rent,0
26,33686.699949935624,22825.066534183552,23,6,1,unemployed,own,0
38,16520.464185045937,5128.513493480593,59,26,4,retired,rent,0
25,37016.528068323794,34449.97764716575,57,3,0,unemployed,own,0
45,22998.488688040517,12545.519708390771,38,12,5,salaried,rent,0
22,17713.54410365503,47235.13305772368,59,16,1,salaried,own,0
30,22802.991905855295,43691.32974253398,19,23,3,unemployed,mortgage,1
50,19019.700300832523,15182.603853442204,34,1,3,salaried,own,0
65,23308.35406465843,39377.55727817726,53,13,1,self-employed,own,1
25,32178.477236993618,40359.00032857551,40,2,3,self-employed,mortgage,0
53,21086.582164141582,49341.59259160611,31,4,1,salaried,own,0
21,18310.236857944346,30294.15935543856,27,13,0,retired,own,0
38,12559.61639233949,5016.3209975394475,28,2,1,salaried,own,0
52,29424.678607704092,32695.024217392667,27,22,4,salaried,own,0
31,26216.286354284097,31624.007670425726,30,6,4,retired,mortgage,0
41,12198.015755920846,32279.17829360116,19,29,2,salaried,rent,0
46,33447.995515425595,16050.136757106364,49,17,3,salaried,own,0
45,12099.361767412262,43124.29966893631,49,12,5,salaried,rent,0
42,36849.99992628027,48014.13696481518,40,28,3,unemployed,rent,0
47,31067.938922048797,11667.913135929424,52,22,1,self-employed,mortgage,0
33,27169.023497281098,5319.455748695578,47,26,5,self-employed,own,0
53,18242.374214322717,10532.21662525572,37,21,5,self-employed,rent,0
54,29374.725047960535,41207.05482353022,42,9,3,salaried,rent,0
61,37729.06372892311,34155.58710617253,55,24,5,unemployed,own,0
55,29619.13726289526,32166.319774617205,23,12,5,unemployed,own,0
21,15754.400296480408,20687.8636203618,28,15,4,salaried,own,0
41,25177.436393039992,29313.57060406035,26,8,0,salaried,rent,0
26,38793.868824877856,16085.832138444004,20,1,1,retired,own,0
48,66141.32967489911,24382.803891480104,50,22,3,unemployed,mortgage,0
37,19878.48982425478,39860.08839016214,53,4,4,unemployed,own,0
25,33824.52983667168,49080.83827531764,59,28,2,unemployed,rent,0
51,38841.33369671495,46691.95725590029,23,21,5,salaried,mortgage,0
25,14673.486437053409,46759.43119946619,43,16,5,self-employed,rent,0
58,53693.0666248976,20708.963007508508,36,22,3,salaried,mortgage,0
23,12931.321334977349,23970.704144832755,50,21,0,salaried,mortgage,0
43,33007.58813552724,35576.1344220801,29,3,0,self-employed,own,0
57,25659.262326759726,46187.40447451293,26,16,3,salaried,rent,1
57,22647.115685504883,7957.718708252148,43,8,3,self-employed,own,0
30,78701.43285033519,15907.851327532591,17,19,4,salaried,rent,0
30,18946.459936805266,7823.095385111366,55,1,3,salaried,own,0
39,18794.64379372076,30988.41796801331,54,23,2,salaried,rent,0
37,42861.93451566969,16008.74884748934,46,17,4,salaried,rent,0
41,32238.02350429964,16979.284773116102,45,20,5,salaried,own,0
34,41816.63310265048,4474.882014910983,49,26,5,salaried,own,0
29,23351.924774843203,18140.007028572003,16,21,5,retired,mortgage,0
21,25808.81317491604,43262.328862677685,29,10,5,salaried,own,0
65,56980.69507165755,12420.567782650913,27,12,1,salaried,own,0
33,14501.726063840513,35064.18584429322,19,7,2,salaried,own,0
24,20922.10381627738,31851.78890199104,36,26,4,self-employed,mortgage,0
21,32830.952911706016,43310.74581008665,43,0,4,salaried,mortgage,0
60,19971.66084507795,7482.109434900874,37,16,5,self-employed,rent,0
52,16563.00810603899,48901.908056907116,33,11,0,self-employed,mortgage,0
54,30008.689130575985,29548.803655977914,42,3,4,salaried,own,0
48,42954.76366969672,49778.2334649939,54,20,2,salaried,mortgage,0
51,20528.774571805538,45664.22156742669,21,12,3,retired,own,0
28,20245.851545452082,11854.346333542184,23,28,2,unemployed,own,0
59,15933.1318949998,3751.938485262342,39,8,5,self-employed,own,0
46,18996.52939983655,13526.315595972716,17,26,5,salaried,rent,0
54,37865.77845057471,26850.618800971573,31,29,1,salaried,rent,0
23,22937.56951334372,9408.22198619431,16,6,4,salaried,own,0
32,14727.984485856146,9205.527481381438,34,22,4,salaried,mortgage,0
21,25114.011341809477,23667.083808152503,20,23,4,salaried,own,0
64,37257.07003863869,2630.1305872985627,40,4,5,self-employed,own,0
25,16631.556574977254,6972.516044081252,27,4,4,salaried,own,0
50,11335.530799426624,21377.20563098943,57,16,0,self-employed,rent,0
50,65868.3004640544,4093.3655511903567,33,29,0,unemployed,mortgage,0
37,11056.074948556581,20440.997766320936,19,8,3,salaried,own,0
43,18407.044398462516,24226.30703147381,31,5,4,unemployed,rent,0
35,24737.219627221843,23112.064089582607,25,24,1,salaried,own,0
57,19221.52741361422,43589.568012751275,50,18,3,unemployed,rent,0
41,21216.71466635389,26973.06029753489,48,15,5,salaried,mortgage,1
34,29390.27404904787,23931.042661424126,45,20,4,salaried,own,0
22,6661.761187502491,21124.753024191643,22,1,0,self-employed,mortgage,0
31,11690.744790959192,41063.545536919824,51,9,1,salaried,rent,0
59,22519.338164525703,44857.77359599182,44,15,3,retired,own,1
58,17995.760727712845,42808.88099065876,42,4,1,salaried,mortgage,0
54,23498.823361088394,34003.78232843815,55,14,4,salaried,own,0
58,24681.92914554659,7730.725552465037,45,12,2,salaried,own,0
54,7646.780604754796,14566.628505108602,18,12,1,salaried,own,0
38,41640.15170924204,3257.0901204168945,34,12,1,salaried,own,0
50,17169.09180928586,46610.37967451559,57,14,5,self-employed,mortgage,0
35,14288.973110171013,33379.12795485461,18,13,0,self-employed,rent,0
47,24444.91867081101,37571.78133134883,36,7,4,unemployed,mortgage,0
54,23238.835773145773,16267.015239529219,14,10,1,retired,own,0
58,40068.485590867516,42437.022591589775,49,17,4,salaried,own,0
53,25233.722702506653,13720.560901715447,31,23,0,self-employed,own,0
44,39302.97222027092,1080.5440985100345,45,3,5,salaried,rent,0
35,13779.142465844323,19444.333163514002,55,25,4,self-employed,mortgage,0
50,23645.557378941307,28967.3125669946,55,9,0,salaried,rent,0
62,12614.801760142798,24456.538040310603,41,0,0,retired,own,1
37,23128.89377764327,43241.73098625326,28,28,3,self-employed,mortgage,0
25,20803.073562464524,6164.85901185218,21,4,5,retired,rent,0
49,20360.48491450095,28137.348591052552,46,12,5,unemployed,own,0
24,20449.960375059825,26135.988141224465,31,0,4,retired,mortgage,1
30,31830.961752127896,14788.256126435988,29,22,2,unemployed,own,0
37,9860.776248228252,41289.177516273514,56,7,3,salaried,own,0
30,14046.184451723258,37889.58413822811,55,2,5,salaried,own,0
37,21584.14047301154,36910.100179259716,38,2,0,salaried,own,0
40,12218.035457355318,43933.431435208244,47,6,5,salaried,own,0
44,22540.23138570991,36416.445430454536,34,3,2,salaried,own,0
25,21473.475168655303,12360.223294021596,43,2,1,salaried,own,0
54,10917.493363406538,35572.57287083486,21,14,1,salaried,rent,0
26,10651.089079262187,16077.437856102348,22,7,5,retired,mortgage,0
22,5931.935809982773,12866.557867026057,49,2,5,retired,rent,0
33,11964.0903932572,4577.176052081739,17,28,3,salaried,own,0
63,22184.7773811264,37457.40043703616,52,29,5,salaried,own,0
63,23815.547709276078,35839.04713554075,58,6,2,salaried,own,0
31,24366.140906545723,12490.474406030593,45,17,5,salaried,own,0
43,14928.696714663984,37719.571819483645,47,10,4,self-employed,rent,0
36,21825.804861508142,45974.2032715841,48,10,2,salaried,rent,0
51,26866.147199157305,6293.418917087383,28,16,3,salaried,rent,0
31,11684.076667642632,12399.195280951973,51,27,4,unemployed,rent,1
36,23427.46983002147,37762.77891027846,51,5,4,unemployed,own,0
28,30584.254782336284,14450.827001846834,23,7,1,salaried,own,0
24,17233.560181676272,31608.534739902123,32,0,2,self-employed,rent,0
60,37463.30371223371,4977.046998722011,51,28,4,salaried,own,0
24,17435.83461560325,23157.921476073396,30,9,3,salaried,own,0
45,14327.980351997205,37215.4796776547,14,27,1,salaried,own,0
23,29097.879738247317,34639.18320911937,29,24,4,salaried,own,0
52,60879.202002223625,40938.53293311453,30,18,2,salaried,own,0
23,22986.832005169726,43995.15420355527,58,2,1,salaried,mortgage,0
47,30256.12438747093,38885.991561679155,17,3,2,self-employed,mortgage,0
49,17079.62291377613,33907.799404007375,27,10,2,self-employed,own,0
52,11839.443315988909,2554.402098985526,19,14,2,salaried,own,0
39,23935.85500036782,27213.366997062756,59,0,1,salaried,rent,0
41,25905.225546622347,2847.1885208277868,29,8,4,unemployed,own,0
25,18417.27671223305,40595.32303868511,59,10,5,salaried,own,0
38,30197.91795233685,16715.50169853792,54,18,0,retired,own,0
48,15882.291018679956,28559.039331778127,50,12,4,self-employed,own,0
62,14030.051826601759,14692.820058626228,23,25,1,salaried,rent,0
42,37433.50602061066,39342.507074634384,56,15,0,salaried,mortgage,0
41,37521.66630585271,44438.62380545322,21,3,0,salaried,own,0
26,16039.800554452933,20533.482216440134,18,0,0,salaried,own,0
21,52022.16960175457,43283.19728203846,57,19,5,salaried,own,0
25,19080.967547149317,14086.675365360286,12,12,3,self-employed,own,0
61,22980.27302514586,27198.385230700667,47,0,1,salaried,mortgage,0
32,21113.622538391086,43079.31006209649,32,4,5,salaried,rent,0
46,28620.545376823065,16968.18578817373,48,4,5,salaried,rent,0
54,25228.024701174,47748.0709888262,35,13,3,salaried,rent,0
34,25058.818507512224,6972.095587287798,36,26,0,salaried,mortgage,0
46,13229.694748142421,1895.4784164518055,18,22,3,salaried,mortgage,0
65,9468.434316317285,45302.632276331344,53,13,3,salaried,own,0
47,38990.761565957684,4363.78464124574,28,7,5,self-employed,own,0
29,16768.82858451956,49602.57060142709,40,3,1,salaried,rent,0
46,21493.015766754437,47618.4462369762,41,6,2,self-employed,own,0
42,25936.316705636862,7714.024591779713,18,19,3,salaried,mortgage,0
50,49737.01988321818,27341.646658935726,44,18,3,salaried,rent,0
63,23877.191753310843,10061.094575890073,18,14,0,salaried,mortgage,0
37,18080.715703584778,21979.603478475874,35,21,0,self-employed,own,0
46,16953.46996162064,4009.8313337318014,22,3,5,salaried,mortgage,0
56,21618.86472438564,11972.304802032886,20,29,0,salaried,own,0
21,13979.085729395896,18800.367023546078,23,18,4,salaried,mortgage,0
28,22346.787676130647,22493.727512056685,46,8,3,salaried,own,0
55,21460.947256427677,48897.316652235764,15,20,0,salaried,rent,0
35,50049.283768539215,40585.41663851508,47,12,1,self-employed,rent,0
42,21124.72492216332,37133.08727128536,39,13,4,salaried,own,0
34,8414.872201108832,27315.02442235674,24,22,5,self-employed,own,0
46,83847.544735794,42159.89026961283,34,27,2,salaried,mortgage,0
48,35540.09822805441,17626.818947129843,30,13,3,self-employed,own,0
43,62390.87889056167,35736.05652589249,53,21,3,self-employed,rent,0
34,12349.119037400045,49695.414793530435,48,9,1,salaried,own,0
44,19714.045088857052,16416.816537824743,50,15,2,self-employed,mortgage,0
22,30859.521514163553,34026.859209314396,35,4,2,unemployed,rent,0
65,28801.87263740274,42371.42834346674,27,22,5,salaried,own,0
46,25680.028142107978,45874.57158418294,44,26,5,salaried,own,0
34,7333.400778877599,36178.70185606499,23,5,4,self-employed,rent,0
27,9356.066834953575,14896.788247439676,45,25,3,salaried,own,0
23,47040.30444195667,16987.82542687838,18,1,0,salaried,own,0
43,51413.947482562624,2017.1435740742463,22,12,5,unemployed,rent,0
63,20882.658449738603,38283.41290590398,42,28,1,salaried,own,0
65,44144.06360034273,3094.2406970356174,40,12,1,self-employed,own,0
38,13205.466041686726,43367.96537553454,24,18,1,self-employed,rent,1
58,14805.988011033152,6814.370109252401,42,17,5,retired,own,0
55,12693.684167079426,9421.94909466029,13,27,5,salaried,own,0
35,14400.81710210044,24349.797070779627,50,18,1,salaried,own,0
45,31613.76812240231,37156.14034326837,26,0,5,salaried,rent,0
57,14311.57334101914,7811.108054754806,22,7,0,salaried,rent,0
48,67499.23341382659,22563.482678258424,45,21,0,salaried,rent,0
30,27723.488777919552,24659.712446095135,50,15,4,salaried,own,0
59,37883.21902566039,11401.996441760975,15,28,3,salaried,own,0
37,28140.646122406517,6662.360457350955,22,1,0,salaried,own,0
59,40422.21646204384,41984.62522629634,40,7,4,self-employed,own,0
42,14271.217136776891,25620.81683837551,13,5,2,self-employed,mortgage,0
46,45409.05298467837,1704.6805632234957,27,15,3,self-employed,own,0
64,23634.657284783487,40346.08376414609,50,22,0,retired,own,0
45,40321.215776770674,49058.896465314654,24,10,2,salaried,own,0
37,10723.769157189341,30690.383575298118,48,16,4,retired,rent,0
33,24107.82132907177,25681.710967119467,28,22,0,unemployed,rent,0
40,23685.524463542737,44042.37728920312,32,18,0,salaried,rent,0
45,16161.413018405763,47673.322694545335,55,10,5,salaried,mortgage,0
24,25759.516609257123,37972.30887922057,30,27,2,salaried,own,0
30,47562.666915974194,22827.193556980106,18,7,0,salaried,own,0
23,15551.677980794842,30018.848567240584,49,21,1,salaried,own,0
61,35629.42705648381,35345.832885881966,19,3,5,salaried,rent,0
65,12535.106063274821,10519.40497908827,24,10,5,self-employed,rent,0
38,63241.89760777184,22912.850578605463,48,7,0,salaried,rent,0
56,32607.583376633575,41661.24197114696,13,8,5,salaried,rent,0
42,52185.43260892704,33081.542076423706,52,25,3,unemployed,rent,0
54,30823.425854124478,21148.99929338085,22,1,2,salaried,mortgage,0
28,26777.214211316495,33504.76416671938,35,15,3,retired,rent,0
60,32743.720107799923,6792.898191550534,17,5,4,salaried,rent,0
64,20573.852827131883,20673.38291767894,37,20,3,retired,own,0
39,9809.269129855838,39863.298360189765,18,20,1,salaried,rent,0
62,27548.398252436175,11804.930569695753,50,25,5,salaried,mortgage,0
61,15096.954786551341,10112.113870313467,30,26,5,salaried,own,0
57,12697.609702238018,47590.11433590514,17,18,1,self-employed,rent,0
26,30277.0895253891,11284.983849725304,54,27,5,unemployed,rent,1
46,19157.42719599825,13785.010402858235,40,7,3,salaried,own,0
54,36822.05271756832,48511.18100631256,54,13,4,retired,rent,0
65,14846.651277766385,37000.71994298626,50,23,0,salaried,own,0
26,17406.265589625724,35280.23011815288,13,15,1,self-employed,mortgage,0
57,39149.69900545499,42793.39280887449,30,11,3,unemployed,mortgage,1
53,25334.4733564109,6675.331029602919,15,4,3,salaried,own,0
42,10523.182710394953,35591.855592420354,17,23,3,salaried,own,0
41,25056.296730933,25680.741857083707,48,25,0,retired,rent,0
26,46194.65022154075,41628.38137392286,39,23,2,retired,own,0
26,17338.960105513994,25898.94421459452,41,18,5,retired,own,1
24,29703.757983770694,31391.826359176695,18,17,5,retired,rent,0
50,14404.652770268773,24409.36419357726,20,8,4,salaried,own,0
31,20570.39864775344,24429.787254236362,36,1,2,unemployed,own,0
50,37983.90393158967,38630.52892502974,44,24,5,salaried,mortgage,0
51,24578.216804303902,31799.753631716878,12,19,4,retired,mortgage,0
44,41966.834533395806,32029.89687886111,17,11,4,salaried,rent,0
29,27245.705793502235,23063.841707744763,29,28,3,salaried,mortgage,0
23,66794.08706396878,27024.36532053885,21,1,1,salaried,own,0
51,10072.289470077405,37540.165644034576,39,9,3,salaried,own,0
60,19759.76986981304,41471.105036484,22,0,0,salaried,own,1
57,12806.819780240674,35131.50870505826,44,3,5,unemployed,rent,0
56,13251.62430252629,46279.57645343847,12,24,4,unemployed,mortgage,0
44,13311.826812485675,41195.88031921285,24,11,1,salaried,rent,0
51,23953.33666347472,28531.325700666403,48,8,5,self-employed,mortgage,0
26,24665.24551029532,33898.897559543104,31,3,4,self-employed,rent,1
22,27275.058690306847,46389.10556913861,12,8,4,salaried,own,0
40,12562.478080043174,31339.23416790986,14,27,3,salaried,own,0
48,18730.108541839276,41415.5404510117,29,5,1,unemployed,own,0
31,13600.375479391518,34751.71467590937,52,0,1,self-employed,own,0
24,35169.72049343826,28044.88169196286,25,9,5,salaried,rent,0
35,14255.04595196094,12850.071575352304,42,28,4,self-employed,own,0
26,19794.19365644542,21873.878453952977,38,13,1,salaried,rent,0
50,29148.33933924227,48419.39841685207,28,21,1,salaried,rent,1
58,16190.592825181104,33230.5037803574,57,24,5,salaried,own,0
22,31161.51823026152,28655.37363661049,40,28,3,salaried,own,0
35,48924.807994326664,46714.87465088314,47,17,2,self-employed,own,0
31,24218.10721449673,29739.077270834987,48,5,0,retired,own,0
28,34572.20993605385,26778.043402452746,37,17,2,salaried,mortgage,0
46,7811.009997473323,38206.23190236006,28,19,1,salaried,own,0
65,17773.68082230888,35920.615330340675,33,15,4,self-employed,rent,0
64,24159.9216351313,10464.840412013204,36,14,0,unemployed,mortgage,0
25,13010.571012236356,24094.105454131935,13,15,0,self-employed,mortgage,0
26,24436.291619311924,24153.256698159676,33,7,4,unemployed,mortgage,0
46,37420.36216005244,19533.001246923894,16,12,0,salaried,own,0
24,8606.041073063008,26347.380625460402,15,22,4,self-employed,own,0
39,12154.607160976391,21242.262488630065,47,10,0,salaried,own,0
40,24158.864104036747,10767.928984087974,17,27,5,salaried,own,0
53,27728.328655405578,21205.95787645937,32,28,5,salaried,mortgage,0
40,31857.88469337116,4541.570431085653,24,24,2,salaried,rent,0
32,23282.207923988746,29213.507275946165,48,6,0,retired,own,0
21,27743.481828143333,42829.072898114486,36,16,3,unemployed,own,0
46,34604.546504251935,36539.06713337321,37,17,4,salaried,own,0
34,17903.848148998255,18659.30796265145,50,21,0,salaried,rent,0
58,16247.70516218687,5266.489073288101,31,22,5,salaried,rent,0
57,20246.691663235717,10905.320562038267,44,18,5,salaried,mortgage,0
31,24336.777709208534,27729.02668424695,25,24,4,self-employed,mortgage,0
56,15849.025240613151,11145.79708576861,47,12,3,retired,own,0
33,18090.122349850364,27654.682452963407,28,14,0,retired,own,0
63,26872.288982007805,12348.352213431048,32,22,0,self-employed,own,0
23,23834.166334827525,42597.269604327565,57,29,3,unemployed,own,0
53,20077.025665219306,20466.302169182527,27,21,3,salaried,mortgage,0
26,9223.089479517112,13031.980671280062,57,28,3,salaried,rent,0
30,21987.8653242462,40803.98283210602,27,21,5,salaried,rent,0
25,13561.60634156232,17799.109275467086,31,0,4,salaried,own,0
43,36009.6181505452,6462.896704100315,40,28,3,self-employed,own,0
30,18875.86542431082,28950.06507877844,39,15,4,salaried,own,0
64,13384.919903520078,29496.646017461448,19,4,2,salaried,rent,0
22,21358.99759841919,36020.088086550975,35,25,0,salaried,rent,0
33,41578.97012331004,12770.752227210893,14,2,0,retired,own,0
60,30194.28432146773,22744.795615520008,36,22,1,salaried,rent,0
22,24586.642221154398,14836.028033090155,30,9,2,self-employed,mortgage,0
40,11349.766732282827,4966.733069668719,44,18,3,self-employed,own,0
21,49553.09747350581,43954.07752377869,13,4,3,salaried,rent,0
57,16142.105941871216,36714.62041992872,26,6,5,salaried,own,0
29,35132.85306447217,15771.689913481234,33,13,2,unemployed,rent,0
37,18719.45358601424,30369.27665072733,21,2,3,salaried,rent,0
29,33481.687824189845,10861.92561858915,29,12,1,retired,mortgage,0
31,42337.86202153429,44621.59446799277,33,12,4,salaried,own,0
35,30456.92395438037,6630.410824733604,57,9,0,salaried,own,0
44,32142.27689716073,1188.020129882244,38,1,2,unemployed,own,0
58,20968.58211999672,25598.401689219925,24,5,0,unemployed,own,0
55,17730.062585154847,29573.263349190594,44,7,4,retired,rent,0
50,23603.47780777714,29369.300694494414,16,3,2,self-employed,mortgage,0
51,18583.748609709422,3671.0844444534882,37,24,4,retired,own,0
25,75629.51192761803,16388.14653900319,24,11,3,unemployed,own,0
64,13410.87007544879,25460.74839522526,38,27,3,unemployed,own,0
34,36353.38526349859,11612.380095734803,25,14,3,salaried,own,0
31,28526.775523687535,43758.668388808925,35,7,4,salaried,own,0
29,24709.328022647034,5268.355183610268,14,6,4,retired,own,0
54,46163.42283434913,24881.837641930102,58,13,4,salaried,rent,0
32,25570.34923783764,34879.38681814445,41,22,0,salaried,own,0
55,16035.27946043985,13825.80390658964,46,18,4,salaried,rent,0
55,25485.506286281434,31587.79611287839,59,13,3,salaried,rent,1
21,20098.709048612756,41639.87235697635,25,21,1,salaried,own,0
60,28329.02947569237,10326.51177965733,23,12,4,salaried,rent,0
42,33075.12657269714,45943.80899941828,39,28,1,unemployed,rent,0
49,14334.951985005006,28124.36810045554,55,20,3,salaried,rent,0
28,40041.35439881942,15662.368210751967,40,0,4,salaried,own,0
31,19390.72382920068,22112.055493731266,54,26,0,salaried,own,0
61,27496.30638444978,16297.40230553301,28,18,0,salaried,mortgage,0
57,29986.875607147358,36530.44683673249,51,28,1,salaried,rent,0
34,26468.069086423468,40018.732507341476,32,27,5,self-employed,own,0
50,20857.017496466608,41813.93222361439,34,0,0,salaried,own,0
55,17252.30797227117,49302.64422970132,31,3,0,retired,own,0
41,19254.55136563901,39772.93033233749,22,9,0,salaried,own,0
57,48174.54103808792,30467.819463739605,45,2,3,salaried,rent,0
25,14286.449526356104,17621.794621197405,21,26,0,salaried,own,0
39,15373.1587747922,27685.17698682672,21,19,2,salaried,own,0
34,15039.353157411791,3012.3404667298655,54,8,4,self-employed,rent,0
46,23573.463725236055,37496.42870096574,17,2,0,unemployed,own,0
24,10276.831534435581,22851.821709512988,47,27,5,self-employed,rent,0
45,11194.972492798719,1981.1382568771933,35,5,5,salaried,rent,0
65,19332.107303634726,4062.8401340101295,23,5,0,salaried,own,0
62,11569.322679204084,19985.856727266077,54,22,0,salaried,rent,0
45,12050.535109480636,29587.65443190332,34,24,2,retired,rent,0
38,11612.829941318272,23745.993498654207,38,11,0,salaried,own,0
60,14424.654583908417,31341.01154731559,56,22,0,self-employed,own,0
28,31749.21416593122,24534.418680776434,48,29,4,salaried,rent,0
59,35520.09877963886,33423.48842858599,17,0,5,salaried,mortgage,0
60,57497.712685367194,11737.177168869242,12,15,2,salaried,rent,0
34,56453.97194360632,6529.316171997449,17,23,5,salaried,own,0
52,32635.51380527166,30225.26377665734,33,4,2,self-employed,rent,1
58,36821.56056089724,24749.786329879065,52,8,5,salaried,own,0
53,23518.698047167123,2316.51504820183,35,9,0,self-employed,rent,0
43,28564.85588558442,19643.612389158756,36,12,5,salaried,rent,0
35,58209.36457296828,6200.153689058779,26,14,5,retired,rent,0
53,26518.726798166528,27036.484755882066,37,11,2,salaried,mortgage,0
45,39207.34141633554,20393.106303361106,19,4,1,unemployed,rent,0
37,13805.525584943098,31044.44364404788,35,4,2,unemployed,rent,0
53,15786.029797721789,40474.50871974168,59,27,2,retired,own,0
22,25746.006299478075,15683.76550823305,49,27,2,salaried,mortgage,0
34,23741.167250141978,48143.00310408635,17,29,3,self-employed,mortgage,0
60,16155.775911601886,27246.09052879115,46,17,3,salaried,own,0
60,73400.70298181071,31296.24913898461,53,11,3,salaried,own,1
59,24011.713480577273,34352.94628806112,12,26,2,salaried,own,0
26,17652.584352975824,33669.8449630219,57,2,1,salaried,rent,0
26,23761.203241706648,26037.56640920804,47,25,2,retired,rent,0
23,22308.28362117245,22009.450264619492,23,24,0,salaried,own,0
27,24194.999872205044,3635.3162446915176,49,6,1,salaried,mortgage,0
28,9928.269702151996,2082.2064197578075,22,16,3,self-employed,own,0
62,42023.04126067679,18540.09853210547,23,18,5,salaried,rent,0
35,43235.3925247826,17349.38364105094,53,27,5,self-employed,own,0
49,45943.16582414746,19997.06258711133,50,17,4,salaried,own,0
53,25918.593328717434,7780.0418435213105,18,0,1,salaried,own,0
50,30676.142987228013,37170.24525630534,22,24,3,salaried,own,0
59,14283.874548207514,42991.25632403571,47,23,1,retired,rent,0
47,33404.625730442865,46997.01713332772,42,4,1,self-employed,rent,0
56,24981.575532473387,25125.752872461668,44,26,5,retired,own,0
49,17497.209537203824,35342.419257146,24,27,2,salaried,own,0
58,33940.77407950017,42922.00504835775,29,1,0,salaried,own,0
53,34603.99850321388,21496.26444358081,52,0,4,salaried,rent,0
57,22704.18205133813,16161.226948651774,35,6,3,salaried,rent,0
47,27424.479064899773,46899.503236821016,20,28,1,salaried,own,0
53,13149.532610325503,26268.151002776583,42,10,4,self-employed,rent,0
24,41010.84072268374,25365.440442953022,52,10,1,salaried,own,0
42,14053.031350616973,9742.388731611292,21,17,5,salaried,mortgage,0
22,15479.737288311706,6299.59571409448,13,16,0,unemployed,mortgage,0
30,22723.566181126243,42263.23626169207,49,1,5,self-employed,rent,1
25,38455.54362749063,31092.525633188387,26,6,4,salaried,mortgage,0
30,38444.630512322394,16965.404616952987,14,6,3,salaried,mortgage,0
53,21973.39514731164,10395.074652123058,54,9,1,salaried,mortgage,0
58,32419.218228269172,28219.36672831194,42,21,0,salaried,rent,0
33,9466.085808442265,29612.045173795632,17,20,5,self-employed,own,0
51,15372.569593119095,11142.68646100785,14,2,4,salaried,own,0
56,15529.935770001319,42718.881646682225,22,29,5,unemployed,own,0
65,41196.41244134775,5128.953941636703,26,11,1,self-employed,rent,0
44,30556.328075200585,18448.561173154663,56,2,1,self-employed,own,0
35,24156.925495070922,34338.83627436358,39,10,3,salaried,own,0
49,25358.45621548966,14431.897827140834,21,28,0,salaried,own,0
28,48250.89414099735,41556.08454428232,49,11,2,self-employed,own,0
25,20229.762027512876,37253.52350341977,58,24,5,salaried,rent,0
49,11418.228467431523,39662.119382858575,18,3,1,salaried,mortgage,0
24,37933.79157802808,6836.220257959098,26,24,4,salaried,rent,0
32,24122.96375247628,7886.8092717816035,29,15,5,salaried,rent,0
65,35483.952786525966,15037.213149484598,29,19,3,self-employed,rent,0
22,21538.936932379496,26385.781094680493,52,17,3,salaried,own,0
47,14481.905290915782,37652.787758270715,35,3,1,salaried,own,0
51,26941.16950633225,41990.01364728427,13,21,1,salaried,mortgage,0
56,22138.81175834032,35512.43048190184,51,5,1,salaried,own,0
56,24160.422547320075,46501.24719500128,31,20,2,unemployed,own,0
46,49428.63776542439,37198.43197118058,45,14,1,unemployed,rent,0
63,12716.412504536407,16007.12646322612,54,0,5,salaried,own,0
47,25411.556509873964,13988.982932590057,37,2,5,salaried,own,1
25,14625.204500181077,35113.430064753404,18,4,0,salaried,own,0
40,6031.355236295168,10450.6578657911,49,21,4,self-employed,own,0
31,21493.74852355809,5543.025729703225,41,29,1,salaried,own,0
30,22370.792225559708,27078.9208679535,53,16,5,self-employed,own,0
60,30084.370141646028,41260.43691916881,16,29,5,salaried,rent,0
58,19756.33791045248,5967.612281023313,22,13,5,self-employed,mortgage,0
26,10461.94662832117,39802.67486599073,12,8,2,salaried,own,0
28,14600.108094071791,40767.02821322586,45,29,4,self-employed,mortgage,0
43,42551.88434046805,24631.42600399563,12,2,3,salaried,own,0
46,14496.840894903291,3808.2051905138537,30,25,5,self-employed,own,0
63,48611.371541104985,9554.902711112134,13,12,1,salaried,own,0
32,37234.541570750196,35663.88748293468,32,2,5,salaried,rent,0
46,18790.556294160127,35877.11930455652,31,10,4,self-employed,own,0
33,15297.740526196028,45019.4084832156,34,1,3,salaried,rent,0
60,37195.999143272034,29551.62118117456,32,23,2,self-employed,rent,0
38,19526.823773773453,7081.261017975093,35,14,0,self-employed,rent,0
45,10169.770578650168,6949.330369743635,15,12,1,salaried,rent,0
53,29177.650761264922,36335.48551048436,23,18,0,salaried,mortgage,1
60,27136.41207244613,10005.448590287157,33,21,2,salaried,own,0
63,38904.02914975756,17090.889481213664,31,15,4,salaried,own,0
32,26233.631186789382,24873.38833917378,29,17,4,salaried,rent,0
64,16737.82674392249,2213.479001231409,12,6,2,self-employed,rent,0
56,41557.75476452366,13192.13232397666,41,12,5,salaried,own,0
24,43629.77967873195,20986.590816856722,44,3,2,salaried,own,0
25,24750.54980250186,14702.179606167107,35,8,1,salaried,own,0
57,22700.92513004289,7682.146045910726,25,29,3,salaried,own,0
28,11365.804126754061,36672.60063201367,47,9,0,salaried,own,0
62,16256.316644743561,40844.23510323126,16,8,0,self-employed,mortgage,0
48,32221.358560734618,13616.469831042517,22,6,4,self-employed,rent,0
51,16669.897881123186,38946.55523570886,35,14,5,salaried,own,0
29,10631.547776543612,19892.12465566438,42,27,4,retired,rent,0
49,126492.57563564664,25827.603751846138,24,7,1,salaried,mortgage,0
34,10596.69056800425,42944.05266976449,27,18,2,retired,own,0
60,68075.7066681252,37747.730408317984,35,10,0,self-employed,own,0
61,18888.117085857022,40450.725714492706,24,4,1,self-employed,rent,0
42,21114.567844985442,7705.413162731484,35,1,4,salaried,rent,0
31,15738.431460213982,4416.251865852744,37,9,4,salaried,own,0
43,32578.84995323492,44776.831725311364,13,15,0,salaried,mortgage,0
21,10722.642364155769,20003.879208983624,27,22,4,self-employed,own,0
57,8776.522011371231,15106.104225414361,49,12,5,salaried,own,0
41,49270.744433508175,36510.1164588294,57,7,4,self-employed,own,0
46,14735.484869410571,41984.364232412976,12,8,3,salaried,own,0
56,31985.695293828143,43261.991473016744,22,10,2,unemployed,rent,0
43,12800.915381775396,16483.85991513614,46,10,4,salaried,mortgage,0
21,31388.92872815894,42758.407168882026,54,22,3,salaried,own,0
60,51111.93187322076,3005.763274342924,40,25,1,salaried,mortgage,0
35,16923.175744310487,3433.413081526225,48,15,4,salaried,mortgage,0
41,8377.28744035182,31552.440563533568,28,9,5,salaried,own,0
29,51246.21069737565,4092.2120866617656,50,28,1,self-employed,rent,0
29,35000.65871637991,16905.849256997913,53,23,4,salaried,own,0
30,17382.415714915773,33965.04332609928,39,11,0,salaried,rent,0
46,19752.275391032534,17526.07790665709,40,24,3,unemployed,own,0
61,12640.660257207111,9800.3892905647,54,5,3,salaried,rent,0
55,44807.39475246913,14786.18047083824,14,27,0,retired,own,0
45,16859.038409547316,23421.191280271156,21,11,2,retired,mortgage,0
46,10836.179099118635,24293.906912418635,53,9,5,salaried,mortgage,0
31,24509.66824062253,39367.011336012896,25,17,3,salaried,own,0
58,14328.320599323552,37757.50824214411,23,17,1,salaried,own,0
22,13160.730494882713,23384.072423250625,58,3,5,self-employed,own,0
27,17764.376275828836,42437.7001058398,53,8,3,salaried,rent,1
38,22998.34780463988,6597.619790978396,41,6,2,self-employed,own,0
47,11041.819566345568,13512.314161216173,43,17,1,self-employed,rent,0
54,44027.70890820594,41570.84671161033,43,7,5,salaried,own,0
47,30902.113420514972,19521.7078926815,53,10,1,unemployed,own,0
37,18348.78253864139,49077.896380898266,43,6,0,self-employed,own,0
63,14021.235164012012,23846.410794863936,37,8,4,salaried,own,0
64,21065.402326984953,39804.84552522444,12,7,0,unemployed,rent,0
44,34534.61800546276,20713.045027736225,53,2,5,self-employed,mortgage,0
45,31961.649617050392,21822.72243405909,13,16,4,salaried,own,0
27,37393.49920422231,19761.27421692499,28,1,0,salaried,rent,0
26,17323.36166004608,36234.705405029774,41,14,4,salaried,own,0
44,5102.7628657201685,27828.37631893973,50,13,3,salaried,rent,0
53,41105.844772822085,47245.12745705008,18,28,1,retired,own,0
49,20259.96253242953,13293.625510171134,38,17,4,salaried,rent,0
63,30732.715964008687,5927.573872088773,20,15,3,self-employed,mortgage,0
42,50747.334701108724,20269.812769861546,33,19,2,salaried,own,0
46,74399.48632911892,31218.922674692025,45,21,0,salaried,rent,0
48,15916.14466727363,43179.14790885925,57,3,2,retired,own,0
41,23552.328130026715,17963.647447336054,12,24,5,unemployed,own,0
27,43626.420924202685,33035.55080509862,20,19,3,salaried,own,0
37,14441.488527248028,18159.735370137732,31,5,2,salaried,own,0
40,16464.20983552681,31243.759566728448,30,5,2,salaried,own,0
61,16415.49050123264,44355.589404501894,47,25,3,salaried,own,0
40,21719.26303657204,12336.524470711041,51,10,1,salaried,own,0
42,19730.83974321069,20807.84046324492,56,25,4,salaried,own,0
48,16368.308550845479,49669.99462505758,15,16,5,retired,rent,0
60,13590.431965717338,43559.294384223576,20,23,5,salaried,mortgage,0
27,33056.3898078492,28667.353036913897,52,27,0,unemployed,own,0
21,42998.28501391709,26314.75200085949,33,2,4,self-employed,own,0
52,46228.76013283164,14945.418732929369,29,12,0,salaried,own,0
33,17317.333604059375,26343.26195698294,23,21,5,unemployed,mortgage,0
50,33754.27436484047,42560.89341571741,53,2,4,salaried,rent,0
43,24789.190033068364,34573.551150611245,54,15,2,unemployed,own,0
39,16558.65700126853,15212.157380721343,50,14,1,salaried,own,0
52,31796.423991711064,10871.732131623114,20,10,2,salaried,own,0
50,16182.690672361443,13995.218312844627,17,17,1,unemployed,own,0
49,18249.841948357367,9318.2008682485,30,14,3,salaried,mortgage,0
65,11066.027944895855,5686.394105162081,59,4,0,unemployed,mortgage,1
49,17463.86994701246,21537.672547660695,58,15,0,retired,own,0
50,25007.488637793846,6551.680615515117,18,29,3,salaried,rent,0
36,48265.25621813698,9423.715328628114,27,15,4,salaried,own,0
60,18457.983702952333,27818.909532634818,16,16,3,salaried,own,0
39,13107.179682958022,9065.364411279163,27,8,5,self-employed,mortgage,0
38,46568.7263041973,4130.108604114239,12,26,3,self-employed,rent,0
21,17115.22644139602,16552.053651366376,48,22,1,salaried,own,0
34,9189.429838656246,11795.635832476408,50,2,5,salaried,own,0
22,23542.13015456604,26249.95421172446,30,19,3,self-employed,mortgage,0
48,18724.971069429066,6015.987144577256,48,12,0,salaried,rent,0
50,69577.5906697729,37836.768596465925,28,21,2,unemployed,own,0
58,27936.32290107968,45405.4424523218,37,2,1,self-employed,own,0
24,20472.31619929818,37428.32352385353,33,27,1,retired,own,0
21,13873.716021923861,27108.524832668318,19,6,4,salaried,mortgage,0
28,25980.029367078365,43172.72326765537,44,28,2,salaried,rent,0
49,45631.565186467786,35051.00060929387,13,5,1,salaried,own,0
59,25742.718560100147,1517.0050000593028,41,8,3,salaried,rent,0
23,14418.756229174778,20310.417485950653,58,11,1,retired,rent,0
52,28836.6695898301,42696.643070933205,31,14,1,salaried,own,0
30,21497.599410657782,17947.084040788195,29,20,1,self-employed,own,0
30,27565.121855081314,2725.543502750652,54,19,4,salaried,rent,0
39,18445.88012190565,37562.80228906134,21,2,1,salaried,rent,0
54,18230.5194748368,40299.87524386056,35,9,1,salaried,rent,0
53,17874.137261099753,8869.09105712212,15,0,4,self-employed,mortgage,0
43,35281.6781552651,27329.68434531588,48,18,5,salaried,own,0
48,18322.54160273919,10405.816510790562,15,18,2,salaried,own,0
52,17503.12358075374,36242.48653316319,24,22,5,retired,mortgage,0
27,13752.378214851966,14305.972303696797,36,22,0,salaried,own,0
49,27639.65790119524,16494.541005603172,24,12,4,salaried,rent,0
28,25741.272100058024,42403.57182836497,29,11,4,salaried,rent,0
21,17599.326051342094,24339.79525813831,35,0,1,salaried,rent,0
23,15449.171344403632,33817.96810969414,13,18,1,retired,own,0
44,56279.5607580117,20716.279485400915,59,28,0,salaried,rent,0
43,8602.244808609215,15602.336002494016,44,23,1,salaried,mortgage,0
28,28186.15000204645,31648.424960808406,30,15,3,salaried,rent,0
57,42011.63043741001,8588.021129862242,20,24,1,self-employed,own,0
23,4050.4899142080344,19276.991942776287,39,22,1,salaried,own,0
53,32763.488866013722,11242.814831910191,46,22,3,self-employed,own,0
48,19729.548192815535,35093.95338009653,50,27,0,salaried,own,0
28,25034.9325902886,47266.233078959274,21,14,3,salaried,own,0
54,18739.352768055327,49780.037432777455,12,15,4,unemployed,mortgage,1
55,37710.60836414592,23063.563711637948,53,10,3,salaried,rent,0
52,26411.628637245147,13373.989092185779,32,23,2,unemployed,rent,0
44,23525.964081630973,22698.639148831884,20,5,4,salaried,rent,0
34,14052.698164756186,42516.20108817347,58,10,1,unemployed,own,0
52,56452.006682968626,11094.278249049954,26,2,4,salaried,mortgage,0
63,22136.11042349504,47652.686930993266,46,14,0,self-employed,own,0
36,69210.15633825252,17751.422671109398,16,0,0,salaried,own,0
24,57744.57546262518,49304.37931306494,52,6,3,salaried,own,0
57,9052.7559605894,42091.83548916415,33,0,4,salaried,mortgage,0
41,15875.415864371425,40619.95617322213,52,16,1,salaried,mortgage,0
34,13115.165311833898,16577.329014890893,34,8,0,salaried,own,0
51,21501.90810519164,1430.0833854485438,18,28,5,salaried,mortgage,0
38,24187.27651992336,19724.512532473404,34,25,1,salaried,own,0
27,24709.998392961974,15788.65911347199,55,22,5,self-employed,own,0
30,37311.77867704085,2832.452530031067,36,12,2,self-employed,mortgage,0
27,46480.65040516986,25762.897568790555,38,10,5,self-employed,mortgage,0
53,35729.925810371635,20748.534252854093,52,28,0,salaried,rent,0
43,16639.462179146736,32093.266919334714,17,19,3,salaried,rent,0
41,14898.08659800613,31438.129787510075,45,5,2,salaried,mortgage,0
39,22056.903547803642,6916.585158937325,20,0,4,unemployed,rent,0
39,27256.83960298126,48871.3117602045,44,6,1,salaried,mortgage,0
56,20098.577635523612,10159.6400426309,17,11,0,salaried,rent,0
49,11240.263675803264,22818.427213470524,48,21,2,self-employed,mortgage,0
38,30977.913267319,24917.75962825301,42,19,2,salaried,mortgage,0
22,18103.1749890981,40840.07706349189,45,22,0,unemployed,own,0
21,17831.88868806884,5862.250208637692,52,18,4,unemployed,mortgage,0
25,21433.14132181961,22003.569681218058,40,16,4,salaried,own,0
40,19536.710050961254,31796.60634157399,25,3,3,salaried,own,0
31,18338.344457517243,11542.625459578721,47,2,5,salaried,rent,0
62,11613.660883135803,31745.927039537568,47,0,4,self-employed,own,0
22,20824.308610838383,46259.57703993298,26,17,3,salaried,rent,0
23,31303.240325723862,49878.388427461075,19,26,5,self-employed,mortgage,0
43,25142.678065900283,2590.1027627431104,37,20,2,salaried,own,0
32,35385.617085826576,12543.823183989198,47,14,0,salaried,own,0
40,15301.82664536152,16205.048673793175,59,7,4,salaried,mortgage,0
25,11625.668805319916,20557.178921803337,32,0,3,self-employed,own,0
57,19478.664366756475,12870.600721653602,39,19,2,salaried,own,0
58,16201.865853426485,10970.911733210314,15,13,4,unemployed,own,0
50,17065.813116370155,47773.138278457496,27,3,1,salaried,rent,0
29,24486.442084193288,46007.55853575537,33,4,2,salaried,rent,0
54,17127.827011125,3302.632549152756,23,22,4,unemployed,mortgage,0
64,11789.513812417703,17601.83805863756,27,12,2,unemployed,own,0
55,16655.614338186977,20852.279130241925,51,27,0,salaried,mortgage,0
42,26108.851752808143,12711.712198631225,49,23,0,salaried,rent,0
64,30814.48961868244,31814.7719524206,53,14,0,self-employed,own,0
44,30659.915366739315,32378.656585567813,48,5,5,salaried,rent,0
37,27234.410567612264,42674.70718810126,40,0,1,salaried,rent,1
30,20250.874707165636,37302.59415087567,29,22,0,retired,rent,0
50,26969.36980869868,27586.093021331824,21,18,1,salaried,own,0
43,21565.113471423934,33025.75173217658,53,12,0,salaried,own,0
52,23307.910046377427,14425.450295607887,50,28,5,salaried,own,0
37,13771.22612635735,30059.753308400526,29,28,2,self-employed,own,0
37,22515.01011249486,24972.13548274604,12,5,4,self-employed,rent,0
34,26617.73806630625,7533.878898502149,50,14,4,salaried,own,0
29,26122.796905100513,12884.669552565565,32,15,0,salaried,rent,0
60,11570.806072752925,15292.979085357716,12,23,4,salaried,own,0
22,23112.53495782856,46291.16878557534,26,22,0,self-employed,own,1
65,10700.601258645538,12288.945329908582,15,15,0,salaried,rent,0
45,24024.71384547343,15172.95123816374,31,9,3,retired,own,0
59,15511.413770345393,19098.352374382182,21,21,3,salaried,mortgage,0
29,51679.758799989264,33523.394192643966,34,8,3,retired,own,0
42,23379.659347041423,6793.681231134886,52,8,1,salaried,own,0
63,32878.755868730506,47743.31541219503,45,16,3,self-employed,mortgage,0
24,63287.069787844935,43412.98978464346,57,16,0,salaried,rent,0
46,14636.871867848497,29283.587577438557,59,16,5,salaried,own,0
49,27387.375977335476,34027.85550382288,44,23,5,unemployed,own,0
65,12173.837920456794,1816.3630909665835,45,11,2,unemployed,rent,0
54,26172.08082280266,17608.293992073985,50,12,3,salaried,mortgage,0
43,53255.407793625636,39987.35130241066,21,29,5,self-employed,mortgage,0
57,16091.691997391745,4796.665715826908,31,11,3,salaried,own,0
31,14143.675518796374,14833.37787632529,12,13,2,unemployed,mortgage,0
26,21044.88640015524,29679.544588381254,24,9,5,salaried,own,0
38,61261.60893277907,13564.238357248149,12,22,0,salaried,own,0
41,32387.229083137172,46764.92073308144,16,18,1,salaried,mortgage,0
62,14010.22464712066,7421.872909410228,27,28,3,salaried,own,0
56,45593.94908717124,40072.32353748115,26,1,5,unemployed,own,0
61,9628.363029914288,25889.485903414003,39,3,5,salaried,own,0
58,64105.12317239874,37766.20801517784,42,18,2,salaried,own,0
54,33800.312939981326,16225.051087260925,34,6,0,salaried,rent,0
37,53198.14040913824,26209.9905132899,59,25,4,self-employed,rent,0
57,9663.401098279519,42984.93213643564,56,14,5,salaried,own,0
45,23973.897551232814,23877.026857032117,54,14,1,salaried,rent,1
58,20600.189148821435,18626.27323360321,28,23,2,retired,mortgage,0
32,13313.186154913803,27271.613926384067,45,5,5,salaried,mortgage,0
43,11521.708031402834,36150.77489878198,24,2,5,self-employed,own,0
62,28382.85740437113,22734.603929426634,25,5,2,self-employed,mortgage,0
42,29698.916838952788,47004.97178197138,22,15,2,salaried,rent,0
41,42192.04703439394,15452.34537807476,39,1,3,retired,own,0
47,17124.911125011076,24297.7167022869,53,27,5,self-employed,own,0
51,20520.81662272813,38089.455307730634,43,6,4,salaried,own,0
26,11034.367920459861,34766.93343429215,46,29,1,salaried,rent,0
47,47590.71251720861,43318.41156844065,42,10,0,self-employed,own,0
60,22805.88837998518,49843.649853374336,28,25,0,salaried,rent,0
54,31612.0688031246,21916.058110959388,58,29,4,unemployed,own,1
32,32175.246641341517,6446.39310938228,20,6,2,salaried,mortgage,0
65,45686.29213709941,2490.378159590431,21,3,2,salaried,own,0
27,14534.788566318706,36616.96840084881,19,28,2,salaried,mortgage,0
30,31219.347699386657,43826.669894127066,32,23,5,salaried,mortgage,0
65,21752.753948983634,11814.916711276515,24,19,2,salaried,own,0
37,63122.87692686466,8763.953822305393,16,6,2,unemployed,own,0
46,14513.258798582485,4048.049484758858,17,3,5,self-employed,own,0
41,39565.514579352166,41312.443164143115,41,28,5,self-employed,mortgage,0
48,26243.42838958276,16257.715054736633,42,11,4,self-employed,rent,0
22,25563.68444844022,20683.14774522905,28,4,3,unemployed,own,0
63,22629.51627525512,25634.759388871003,22,22,5,salaried,own,0
21,43188.64581880487,42133.20847626799,31,28,1,unemployed,own,0
56,25132.719715744326,32890.82785651276,59,29,2,salaried,mortgage,0
46,10278.322357950134,31138.166863032755,20,29,3,retired,rent,0
49,40528.138286419104,9607.932897839624,13,28,0,self-employed,mortgage,0
41,36978.83186184329,26146.304693781658,48,25,4,salaried,own,0
31,29542.01723793571,36053.669841754105,12,18,3,salaried,own,0
60,12528.523266596145,48689.783268494095,15,25,5,salaried,mortgage,0
31,13540.525002326418,10868.90915145426,47,4,2,salaried,own,0
56,8615.158589997256,1467.6243002941055,36,26,2,salaried,mortgage,0
59,27727.082901432714,4689.770246325017,14,29,2,salaried,own,0
60,11217.446583095267,19416.77079391698,20,18,3,salaried,own,0
55,9326.588267199912,41206.68773955337,33,20,2,retired,rent,0
54,41668.24303122227,1349.9620066440073,34,29,5,self-employed,mortgage,0
44,32340.958866119236,23379.799051406175,23,2,3,unemployed,mortgage,0
42,18646.507974823646,17132.300151728334,21,26,2,self-employed,own,0
25,20598.565333991082,3571.603794886651,45,25,0,salaried,own,0
53,6609.92705021033,23061.578046958246,54,10,0,salaried,rent,0
56,34834.810221714826,13482.686659499223,21,6,1,self-employed,rent,0
40,15578.301067633101,18242.35688300332,41,28,2,retired,rent,0
39,25981.640463854623,35575.14993443036,33,16,2,salaried,own,0
55,6346.881501332765,26555.998211637387,17,24,3,unemployed,mortgage,0
63,35910.46427838704,7107.724020647854,13,8,3,retired,rent,0
37,15117.036249981049,48109.312480758315,41,20,2,self-employed,mortgage,0
65,11069.8322066689,32159.62751977718,13,8,1,retired,rent,0
63,18586.65599772828,38527.55285746405,43,9,2,salaried,own,0
54,16347.044427627196,4881.44435041017,53,12,5,retired,mortgage,0
29,37689.38641909704,3305.860593540926,27,14,3,self-employed,rent,0
46,17850.779198270033,1952.9544680359772,23,21,2,salaried,mortgage,0
22,43534.47854280714,10250.907360898778,12,4,3,retired,mortgage,0
29,25979.714680631918,21306.011488206263,19,28,2,salaried,rent,0
29,34447.23264496923,46855.480536738316,59,2,4,salaried,rent,0
60,22002.61905888795,23395.92330402304,24,26,3,salaried,own,0
37,41607.24089879894,15222.50016325394,26,26,1,salaried,own,0
21,12371.961288736968,28534.827422463502,55,7,4,salaried,own,0
45,23314.067873386648,6484.794328604673,19,19,5,unemployed,own,0
63,18065.91125233897,30865.788659244176,21,9,2,salaried,own,0
60,44281.144782586314,28853.16576219466,57,12,5,salaried,own,0
62,46607.52101812743,39807.65863687977,16,28,3,salaried,own,0
45,22031.105709529864,49347.69296923418,30,2,4,salaried,own,0
59,11547.733344391487,13292.800114089416,58,28,5,self-employed,own,0
55,27270.16859882873,25973.16608938427,49,21,1,self-employed,own,0
23,9582.512794834744,45534.40490963118,22,7,3,retired,rent,0
57,49665.77779684676,39474.30433671922,54,28,4,self-employed,rent,0
64,17385.902656805618,24882.90885193957,31,8,5,salaried,own,0
64,21692.349468099925,47323.21083112411,31,29,4,retired,rent,0
50,15670.33105961564,3804.5979823236594,32,21,4,self-employed,mortgage,0
58,14032.189321549122,46618.93236591662,29,20,5,salaried,own,0
54,31845.318307271158,3474.862226757521,21,11,0,self-employed,rent,0
32,20347.05903931599,27817.932461619534,45,10,2,retired,mortgage,0
39,22499.340338224472,44631.6064520532,37,1,3,self-employed,mortgage,0
57,13333.760219668444,13873.326234503838,41,17,3,salaried,own,0
64,33793.69791096914,24140.176448312766,20,8,3,self-employed,rent,0
37,35557.09052659865,16892.115077711365,57,1,4,salaried,own,0
30,19841.594718398985,47655.05193674122,42,1,5,salaried,rent,0
32,41521.26840663677,41358.63414290145,53,2,2,salaried,mortgage,0
36,20909.06179907288,35741.0740549926,15,15,1,salaried,rent,0
44,32528.69000024114,29793.722344140326,17,18,3,salaried,mortgage,0
39,9784.318300397834,41208.99767688326,25,3,5,salaried,own,0
28,26283.9938291864,20221.085034653806,15,22,2,self-employed,mortgage,0
51,19230.623593122342,22930.040900197033,37,24,2,unemployed,rent,0
41,23807.625630349547,36770.084332962215,58,17,0,retired,own,0
37,23279.797487754335,18529.983401391997,59,19,5,salaried,rent,0
43,23455.256606748444,4131.146160370317,50,24,3,salaried,own,0
57,29966.949340260486,4642.395835417501,28,29,4,retired,own,0
36,16604.237024191596,6652.777263979489,30,17,2,salaried,mortgage,0
26,29276.476706356432,43614.38484383948,17,9,2,self-employed,own,0
28,40792.8639357356,24139.09486205401,40,10,1,self-employed,rent,0
45,10882.69832539458,35931.236097892084,22,28,0,salaried,own,0
38,14909.143342627558,20252.55744463977,27,16,2,unemployed,own,0
45,15225.581524976184,13676.83642336609,41,25,2,unemployed,mortgage,0
32,12758.807549196528,18012.416210548385,36,23,4,salaried,own,0
35,17372.627514496147,39914.93492054199,51,24,4,salaried,rent,0
46,36921.86705775655,31635.590126540472,22,22,1,salaried,rent,0
61,45423.89023501083,46944.3492179372,18,23,5,salaried,rent,0
65,23227.390467678662,34305.534150264866,37,19,1,salaried,mortgage,0
46,18730.003729850727,28938.899955980003,33,15,1,salaried,rent,0
52,32907.70107336233,30899.60444030589,36,19,4,salaried,own,0
30,6754.84803095924,47176.20053395232,30,12,5,retired,mortgage,0
36,12996.180218853511,39621.845563468596,42,1,4,salaried,own,0
27,6899.365960978982,2178.0206309554533,37,23,0,salaried,rent,0
37,12927.991733340446,27172.845110649163,53,26,3,salaried,mortgage,0
43,15010.289874740622,34728.58216578168,52,1,3,salaried,rent,0
46,46112.573644668235,37686.2254435186,47,24,0,salaried,mortgage,0
41,5538.444792313409,11443.963846382898,34,13,3,salaried,rent,0
42,17883.766839387867,43491.69036811626,58,3,5,salaried,mortgage,0
27,30024.927614041855,47836.31421158302,24,16,4,unemployed,mortgage,0
34,27047.918511174852,12599.049986398619,36,12,3,retired,own,0
35,45746.43145909984,44248.15741834504,13,3,5,salaried,own,0
27,23873.5334980822,5751.959363288674,13,2,4,salaried,own,0
29,26559.402052160305,3729.634969647014,27,11,5,self-employed,rent,0
28,8784.521963856725,7331.966205034719,20,21,0,self-employed,own,0
43,13438.319524923223,3829.3128938847635,39,22,1,salaried,own,0
49,9033.07055817804,42405.59962063302,24,7,0,retired,own,0
38,29328.178428503954,3893.4570784553252,46,1,3,salaried,mortgage,0
51,26221.769085345793,14311.54537681912,52,5,4,salaried,rent,0
50,25764.915565126947,6084.060833256963,24,21,5,self-employed,own,0
59,14175.681368581367,15475.679779374483,42,9,3,retired,own,0
55,13541.646074922537,5437.413912445104,32,11,3,self-employed,own,0
38,24458.264793497496,33732.15928640769,43,20,1,salaried,own,0
62,15761.207423042259,7533.014000786182,45,9,3,salaried,own,0
59,13224.120055726842,42740.450366105506,19,9,1,salaried,mortgage,0
37,17082.422919083026,41042.36148560541,52,22,4,salaried,mortgage,0
34,15829.474913477206,1669.4225880598615,59,2,4,self-employed,own,0
51,14280.332396461143,44890.59142024061,13,19,5,unemployed,own,0
44,11933.634151404309,2418.271520424986,49,9,1,self-employed,own,0
55,27566.178515652802,12742.643462920274,43,28,0,retired,own,0
64,47955.30545401276,2587.067751023758,51,8,4,salaried,own,0
65,21601.065036253945,17456.330864926484,39,19,5,unemployed,own,0
54,24617.60382115273,26179.45975995031,48,18,0,self-employed,own,0
23,28801.67794197037,40035.59858174177,52,13,4,salaried,rent,0
57,26457.180597163817,17561.09597302197,12,1,4,self-employed,rent,0
63,14422.48658290544,35569.011208982716,52,4,5,salaried,rent,1
60,52048.075825567765,10187.718398830037,21,19,5,self-employed,own,0
46,15083.319497413955,37779.324380462196,15,28,2,salaried,mortgage,0
43,30456.179211789564,12563.833689552639,46,28,3,salaried,mortgage,0
64,28712.724150005073,8033.693041244628,21,7,3,self-employed,own,0
59,8273.221303579587,10085.03366832866,58,6,0,self-employed,own,0
35,18408.665642154745,9921.093315210914,22,5,3,salaried,rent,0
24,22659.04130568451,26130.281089472566,25,10,0,salaried,own,0
49,23542.806721408215,42395.08147821916,49,11,4,salaried,own,0
42,25609.28494202762,4900.648772632776,23,17,2,salaried,rent,0
45,32171.345256468147,35640.85960617771,56,18,2,unemployed,rent,0
33,21943.852651958656,33062.97652299002,28,9,4,retired,own,0
38,26299.594084806427,43753.47763963875,27,24,5,salaried,rent,0
53,21536.893206233563,12963.230464838454,46,28,1,self-employed,mortgage,0
36,13244.440674353566,23055.383075566453,13,24,1,salaried,own,0
65,22386.216658031128,46365.54134773235,22,20,3,self-employed,rent,0
62,32033.73746317078,33339.67905663054,52,13,5,salaried,own,0
64,38345.56639966295,20049.65223021825,14,2,0,salaried,own,0
22,28815.186286734155,7439.206759908155,40,17,2,self-employed,rent,0
55,42923.51813477437,13861.76538712896,29,23,3,salaried,own,0
62,27158.14753476244,29479.55839697978,31,14,4,self-employed,own,0
54,33926.100074341506,36190.22943046517,58,5,5,unemployed,own,0
50,35196.276496442915,7096.672455742781,25,9,2,salaried,rent,0
33,19699.031076019968,30380.265742158645,45,26,0,salaried,rent,0
33,31666.091426918247,27967.2126630988,42,11,0,unemployed,own,0
38,13762.152778550395,26183.816887844692,51,6,1,self-employed,rent,0
52,26236.48219222314,34816.03276641839,53,16,3,salaried,own,1
52,29393.031850116866,42035.03015908963,29,0,4,salaried,rent,1
55,37255.22790301232,16826.49447566655,41,25,2,self-employed,own,0
59,33202.473395386834,44561.597315437015,36,17,0,salaried,rent,0
49,37498.53301777661,8871.047018308984,30,25,2,salaried,mortgage,0
49,20958.715118062228,9478.169617807052,19,14,4,salaried,mortgage,0
64,18532.911354420445,14071.831117572272,39,18,2,unemployed,own,0
36,19197.79333720931,6857.012607806812,19,27,3,self-employed,mortgage,0
64,25163.300061358124,12285.642009461002,42,0,1,retired,own,0
30,8916.212182578196,6214.176382239385,14,29,2,self-employed,mortgage,0
50,42867.89623231824,41265.86843228413,14,4,5,retired,own,1
45,22514.992056232433,7809.480602444605,55,14,1,salaried,own,0
59,17898.983613221353,37617.580320432986,33,2,4,self-employed,own,0
40,6217.6163865943645,3347.7795277533532,28,0,1,salaried,own,0
25,21624.738665849676,47477.49604818184,47,7,2,self-employed,rent,1
21,19945.55803146188,35846.84428886054,28,11,2,salaried,mortgage,0
50,14065.450983921872,1333.0308807194774,25,26,5,salaried,rent,0
23,15732.384555895584,38428.96850981049,20,21,0,unemployed,rent,0
65,21735.055084265437,26190.01411754308,41,24,5,unemployed,rent,0
34,16413.86642368237,39188.89334642087,32,18,2,salaried,own,0
50,29317.47498496986,26602.343635638834,23,24,1,self-employed,own,0
24,15147.763945348992,32410.218024132377,48,24,5,salaried,own,0
38,23796.748073584222,39530.25111435698,43,11,5,salaried,own,0
57,39736.39051216362,20850.29467480498,22,12,0,unemployed,own,0
45,21627.09203705264,1132.6993412021523,31,27,2,salaried,own,0
21,26317.478047382156,42647.37830131423,46,0,2,retired,own,0
35,25497.245193935236,19663.627768608465,58,18,4,salaried,own,0
29,22114.713822831367,25306.09357481257,57,5,0,self-employed,mortgage,0
35,21300.725859512127,1380.565465544467,22,7,4,self-employed,own,0
44,16552.838708600102,25112.508507154802,19,3,4,salaried,rent,0
24,23753.998312153035,49337.88267701475,15,4,4,salaried,rent,0
32,19117.630394448282,14635.115380119712,38,24,3,unemployed,rent,0
57,47717.09908942759,20375.495241876524,55,21,4,self-employed,own,0
57,33043.218316170714,34672.30982696515,51,27,5,salaried,own,0
63,10653.055720072354,40924.88970865928,49,6,1,salaried,own,0
26,10953.573191700298,21452.189576298915,58,22,5,salaried,own,0
59,20635.53906120514,16173.774649663334,41,3,5,salaried,own,0
44,18076.124557607298,46953.46419926829,55,19,2,salaried,rent,0
31,20098.551783696505,34180.10336691179,59,3,3,salaried,rent,0
33,30503.01256455459,6832.043920163913,59,29,4,unemployed,rent,0
54,25793.245890271468,4377.4660285977825,38,14,2,self-employed,own,0
45,25663.23277496896,24693.942688728082,32,26,0,retired,own,0
27,45392.28032819754,11784.41323631635,31,20,0,self-employed,mortgage,0
24,10998.940433496726,13445.25291543642,15,4,2,retired,own,0
28,23201.43518293445,44006.916762564564,22,23,1,salaried,rent,0
40,16489.41149019718,5388.735191499222,24,8,2,self-employed,rent,0
49,45148.750900744526,36052.841646215595,20,1,2,retired,own,0
65,7297.770701113238,14285.970415648815,15,26,3,self-employed,own,0
30,7459.615923922227,38256.08284880275,23,6,0,salaried,own,0
63,25650.49498757758,36398.15783871368,20,16,0,self-employed,own,0
54,38682.72046373262,1362.2031707703582,24,15,4,retired,own,0
46,32423.12431579389,25947.63523315836,59,16,5,self-employed,own,0
61,14757.54274112153,7826.654636524272,37,19,2,salaried,own,0
23,46779.99161995411,43445.12449835516,49,25,2,self-employed,rent,0
26,11899.666169261527,43707.708260257925,53,22,1,retired,mortgage,0
25,42350.77902234876,21498.944567194143,24,1,0,salaried,own,0
25,12713.0699709021,22775.385304102947,50,10,1,self-employed,mortgage,0
43,18473.4143221288,15860.86403082183,39,1,3,salaried,mortgage,0
29,30322.180970936406,36113.708649041524,30,0,4,self-employed,mortgage,0
55,10581.855674015746,18574.406788296496,35,25,1,self-employed,mortgage,0
40,45913.37274259177,14121.831251609055,30,1,0,salaried,own,0
62,18416.975214486898,22179.321915720902,24,28,3,salaried,own,0
55,23591.412975683794,5482.888400985477,24,22,2,self-employed,rent,0
38,39383.42787603049,37583.557027565985,39,8,3,salaried,rent,0
37,14815.620278645398,1617.223662317561,13,21,5,salaried,mortgage,0
44,37436.7021506058,32579.768014509104,21,25,1,unemployed,mortgage,0
23,50024.43101859819,9960.361810988748,33,1,0,salaried,rent,0
52,15870.391800456515,12387.798264506244,24,27,1,salaried,own,0
55,43682.10655720532,32145.967933361957,20,14,2,retired,own,0
58,9133.55892188238,49654.22982336245,44,9,2,salaried,own,0
33,26763.657891211333,39108.15696455498,25,14,0,salaried,rent,0
45,11916.755835771062,12066.141978946207,59,9,5,self-employed,rent,0
29,35287.507117713554,9625.212997015557,31,28,4,self-employed,mortgage,0
24,33868.072120253295,43445.41064311585,26,24,3,retired,rent,0
34,62236.06897997902,22765.01344815371,43,22,3,retired,mortgage,0
57,44830.38797514765,7715.587338579618,44,26,2,self-employed,rent,0
54,20274.402346731276,43248.35974277497,28,16,1,salaried,mortgage,0
31,12824.6740735879,40988.52529279881,35,27,1,salaried,own,0
61,29226.863255268505,49211.41183096101,41,8,5,salaried,mortgage,0
23,21367.669653646593,45577.44064892151,24,17,4,salaried,rent,0
48,47838.09283294862,42737.72659436654,58,3,1,self-employed,own,0
49,7456.2626193103,3576.145492739154,59,8,3,self-employed,own,0
29,65777.18861638512,6116.353105407783,27,15,1,salaried,mortgage,0
23,28738.56717924626,28880.176520902016,13,3,4,unemployed,own,0
45,14669.032809485623,27042.483067809222,28,15,3,salaried,own,0
54,31792.783648049022,23440.19750998724,43,18,1,salaried,own,0
32,42138.23113842614,20442.676945314626,54,0,3,self-employed,rent,0
62,23322.49082998496,22129.313758352117,19,22,2,salaried,mortgage,0
29,9113.752431612054,28895.598772604968,14,5,2,salaried,own,0
35,19016.769646081262,1101.7493624039791,23,9,5,salaried,own,0
60,37037.919809080355,13774.729932509757,31,15,2,salaried,mortgage,0
45,28235.416328334948,26395.706313746843,27,3,1,self-employed,rent,1
25,20368.532910946913,36388.58883500867,25,21,4,retired,mortgage,1
31,42368.39301370522,9533.67792737442,27,21,3,salaried,own,0
54,31877.4110510114,27797.177515584215,54,12,0,salaried,own,0
44,33129.174499315064,36008.5245104033,44,15,2,self-employed,own,0
35,17938.107759838844,22786.75523778133,41,19,2,retired,rent,0
58,17091.014885899094,2326.975549832501,23,29,0,salaried,own,0
28,9414.629984281648,23014.1397648162,26,28,0,salaried,own,0
25,19347.2219955789,15525.799499463503,29,5,1,self-employed,own,0
46,35161.11371415269,46552.83077736509,39,25,3,self-employed,own,0
38,19889.62168872074,7106.055898238041,34,10,2,salaried,mortgage,0
26,27522.783271833414,32971.32181985438,25,23,4,self-employed,own,0
57,38391.81935794732,3583.2685503905564,41,28,1,salaried,rent,0
33,26540.217310757802,22862.351452822128,44,2,1,salaried,mortgage,0
48,27868.641660573572,28144.99487378395,56,19,4,salaried,own,0
25,11171.13802314196,15599.791634526408,26,9,4,unemployed,rent,0
33,18745.661312377408,23298.706140498838,18,28,5,salaried,mortgage,0
37,52224.82592514898,9014.13593197918,26,27,4,salaried,mortgage,0
60,23199.79196406533,15902.068623933772,53,29,0,salaried,own,0
65,56861.234204801505,31434.209920599948,57,0,2,unemployed,own,0
52,15343.422885532727,15788.2027371966,49,19,5,salaried,own,0
49,24759.72762339212,45087.41084203471,57,10,0,salaried,rent,1
23,18190.60955187233,31791.940924408496,55,25,5,salaried,rent,0
60,29613.699155674385,22493.80190336324,22,25,2,self-employed,rent,0
54,34458.27097663106,2899.089842154941,40,11,5,salaried,own,0
60,29769.30320679017,25477.86842502889,42,13,0,salaried,own,0
47,37083.45053589924,38474.03586412937,36,24,3,salaried,rent,0
33,21881.865332067762,14012.322302608269,35,7,2,unemployed,own,0
65,20024.98086074696,40531.9049127896,30,10,1,salaried,rent,0
53,9144.45987143767,13338.531536493192,13,3,2,self-employed,own,0
26,30309.772601000448,41363.57300958922,33,27,2,unemployed,own,0
44,24006.791443689246,5178.148738972192,31,6,2,retired,own,0
39,21291.06182969971,43443.001734582445,44,9,3,salaried,own,0
36,20022.08708174178,25460.136095733193,19,18,0,retired,own,0
60,21624.024464798087,15530.341891392838,36,24,1,salaried,own,0
48,19572.522223979064,13990.54927034229,57,25,0,salaried,own,0
53,16915.45670276772,22168.51738758777,20,3,5,unemployed,own,0
61,24829.66633322258,49953.425407078605,45,1,5,salaried,own,0
33,28059.416521095813,11796.042278441546,34,25,5,salaried,rent,0
63,14983.667339158617,6057.615795070981,16,20,0,salaried,own,0
65,18027.11361379975,29666.723267214435,36,17,4,self-employed,rent,0
45,19884.367005417247,24938.5808555726,19,13,3,salaried,rent,0
62,22079.539709603523,26685.61728210206,27,25,4,self-employed,rent,0
56,20659.019138826436,33679.83546030364,59,15,5,unemployed,mortgage,0
47,30633.84124288307,14090.059423661816,56,21,3,self-employed,own,0
58,9641.350702416941,45622.58477381054,26,10,0,salaried,rent,0
27,10535.243093627681,22347.931239992227,12,9,5,retired,mortgage,0
25,24264.86503328835,7325.223561980627,33,16,0,salaried,mortgage,0
63,16295.708600457923,37372.63907996327,14,13,3,salaried,own,0
65,34273.27424429036,32512.113278274664,49,21,0,salaried,own,0
51,39533.37284362353,16471.42672171782,25,3,0,salaried,own,0
43,24757.248361493395,31454.417477668376,47,18,1,salaried,rent,0
62,12887.492441969262,11773.235862079868,29,1,4,salaried,rent,0
30,37320.451692375376,22797.128607685947,58,6,4,salaried,own,0
52,24329.656835010628,45071.21358619894,52,8,4,salaried,rent,0
63,10472.750933691259,7543.1774248767215,29,27,2,self-employed,rent,0
50,10946.118264107627,19948.12604938564,14,18,1,unemployed,own,0
59,47026.82181600537,41235.97881129701,21,15,5,self-employed,mortgage,1
51,43285.28234814227,48505.054070902734,50,21,5,salaried,rent,1
38,6256.826764548337,23242.380684667998,58,24,5,salaried,own,0
56,11171.314342959771,25842.981387024025,12,15,4,retired,rent,0
22,38965.33749810143,29036.426127404717,38,17,4,salaried,own,0
34,21823.741281511644,46685.05894005183,38,22,1,unemployed,rent,0
33,31285.957783461276,43052.13275787446,22,20,0,salaried,mortgage,0
49,21354.62508797889,9359.455106460573,16,20,4,retired,mortgage,0
32,30553.85811091236,22401.133074506677,18,10,5,salaried,own,0
59,22090.805789827114,23736.020981624886,30,6,0,salaried,own,0
22,17697.804505329863,39665.70947078908,40,8,4,self-employed,own,1
52,37397.977894815376,30541.75124766633,26,3,3,salaried,rent,0
33,24368.030042786686,33056.802639421636,46,24,2,salaried,own,0
47,30521.73580487739,49911.79547561526,58,29,4,salaried,rent,0
61,23830.55744711639,4673.04213003064,48,12,3,self-employed,own,0
37,17271.647327158546,11927.481353152916,23,26,1,salaried,own,0
60,49226.85838570961,20986.900931205793,41,25,3,salaried,own,0
51,26304.205948577288,18041.337749395472,31,24,1,salaried,mortgage,0
54,18443.654814314465,2060.632506002196,48,28,4,salaried,rent,0
44,41737.894459113624,5497.102717087616,14,3,1,self-employed,own,0
65,11379.7201166685,34366.711278775234,20,18,3,salaried,own,0
55,67382.58127195726,44086.898704765474,52,1,2,salaried,rent,1
26,20139.233786175493,26197.123552032903,50,8,0,salaried,own,0
39,11684.201349778048,27420.362896168015,37,11,0,salaried,rent,0
50,57123.48883708198,13499.57820878659,13,1,2,salaried,mortgage,0
27,17473.071327108126,38625.941818051855,34,5,5,salaried,rent,0
30,24875.09260733525,37837.93478099556,34,4,0,salaried,rent,0
61,31534.749348895257,29829.918771665176,32,29,4,retired,rent,0
52,39818.47437418371,11420.550039055799,27,4,5,salaried,mortgage,0
54,25588.21778783462,5753.892693617383,20,19,4,self-employed,mortgage,0
48,15936.100652262812,4147.690216999168,24,21,3,salaried,rent,0
35,24575.27810828739,30042.10726550101,39,4,3,salaried,own,1
50,17860.417444937615,41426.7306379972,38,26,5,salaried,own,0
57,24946.92477774926,43058.19115726532,28,3,5,salaried,own,0
49,49715.63613057524,23717.48164282904,49,28,5,retired,rent,0
42,32143.405623307666,39429.29366602913,47,8,5,retired,rent,0
24,24424.041145546606,47397.129620710155,12,28,1,self-employed,own,0
40,31864.42352131263,14483.335511915331,29,21,5,self-employed,own,0
52,33025.66699826381,20500.0569726571,20,26,5,salaried,own,0
56,12849.535586163121,46642.470637237355,24,9,3,salaried,mortgage,0
24,22490.794150640333,17573.31739854696,51,15,4,retired,rent,0
47,79321.44736782502,45779.93822576802,56,9,3,self-employed,rent,0
37,40392.94792965724,49071.19825046882,26,28,0,salaried,own,0
32,17124.786919899325,33428.72570014681,54,9,1,salaried,rent,0
42,16291.455582149078,41027.62418570425,55,28,1,salaried,own,0
37,16022.305728907104,37727.732646833174,57,18,4,retired,rent,0
30,33967.51735850256,35277.17862316067,15,9,5,salaried,own,0
21,49208.441381496195,16039.622576080395,44,5,3,salaried,own,0
42,29468.68703784802,3797.622557489242,35,29,0,salaried,own,0
46,23827.154983219847,17809.53489346288,47,16,3,unemployed,own,1
38,17639.964572262346,33679.863274991425,52,4,5,salaried,mortgage,0
34,25969.72129496068,6023.930713162267,21,25,5,unemployed,own,0
49,14616.97991717085,1583.9811659338625,47,5,2,salaried,own,0
32,8367.556843205284,7844.926257543994,31,26,3,unemployed,rent,0
56,49931.774621705394,36071.060394128974,52,23,4,self-employed,mortgage,0
55,13320.955354310161,48666.891381165755,56,26,3,salaried,own,0
32,18724.419623498492,49170.1702811262,55,14,1,salaried,rent,0
27,30582.36226876661,25204.97830786921,22,24,0,salaried,mortgage,0
49,45126.88351339049,43598.26274862502,23,26,4,salaried,own,0
31,25048.402354342004,37104.4963318237,29,18,2,unemployed,own,0
53,12126.452545161026,25550.97161224557,41,17,0,salaried,own,0
26,18945.595861855752,29065.26611479925,55,28,0,salaried,mortgage,0
35,15689.661911763016,7724.130184226683,59,3,1,salaried,own,0
52,21609.63342756639,46945.41157021301,48,7,1,salaried,own,0
31,40781.842951272425,18244.558765857062,31,26,1,unemployed,rent,0
43,6193.810103740236,22861.313566401306,36,15,4,salaried,rent,0
46,17931.336164464057,33911.35131889704,23,23,3,retired,own,0
54,17291.58389064666,17361.221104801145,32,18,0,retired,rent,0
54,11750.126994449805,13458.698888457597,36,19,3,salaried,own,0
49,29517.700279678127,31921.420270240807,22,2,3,salaried,own,0
24,10856.42190001117,2224.2200318106234,20,9,1,unemployed,rent,0
37,11499.431293068237,36315.53048930727,36,1,3,salaried,mortgage,0
55,33709.487570842786,26187.14512394898,46,3,0,salaried,own,0
33,46643.35183206828,30681.932795525787,43,5,0,salaried,mortgage,0
61,21204.137690451473,31962.12780309737,25,10,5,salaried,rent,0
59,11983.691233202158,26825.457668135623,12,13,2,self-employed,own,0
35,15478.743182874676,29544.155094596063,28,15,4,salaried,rent,0
49,36461.09109604026,34505.621843603854,36,26,3,salaried,own,0
49,23346.89132338263,37902.82351180403,19,20,4,retired,mortgage,0
31,20941.34286525326,36645.1671730199,16,18,4,self-employed,mortgage,0
52,25758.626377882858,43611.206428880825,16,1,4,salaried,own,0
22,21615.58860900907,10282.728225202734,52,24,5,self-employed,own,0
34,47708.084497194934,20656.25050509808,46,16,4,salaried,own,0
40,15145.040046338696,47442.0072347084,30,8,5,self-employed,own,0
42,14300.080442508091,20432.938144930155,34,16,0,salaried,own,0
31,11028.88744587423,7118.633768390211,20,14,3,salaried,own,0
47,16814.6562706575,26746.811191746798,41,29,5,self-employed,rent,0
23,12759.256187281704,6365.057655168646,27,6,2,salaried,own,0
37,24564.01274569971,10939.808697665396,44,21,4,retired,mortgage,0
64,22258.37636880559,49917.61907197688,13,22,2,salaried,mortgage,0
48,12841.819206614182,27526.769281410467,25,18,0,retired,own,0
49,29571.59879457723,14918.861062981021,57,29,0,retired,mortgage,0
41,47023.672944808335,49743.9727741214,12,2,1,salaried,own,0
36,26341.980817144075,48361.387009202015,37,28,4,self-employed,own,0
57,6174.918163428364,22596.213013128912,36,26,1,salaried,rent,0
40,59490.117501974026,13759.75233060751,27,0,2,retired,own,0
26,31999.057701991434,42081.58226651731,26,3,3,salaried,rent,0
39,58583.54456116126,36065.415131617505,37,27,1,self-employed,mortgage,0
25,38000.773473794754,34660.130315172006,58,17,0,salaried,mortgage,0
23,41992.97869808498,44762.57332480115,55,25,4,salaried,rent,0
21,24407.199928734808,34781.43955969491,27,7,2,salaried,rent,0
58,19319.147738995667,14906.099209035909,25,18,5,salaried,own,0
35,26548.820335261775,34999.29493191088,40,22,0,self-employed,own,0
54,15453.75755001785,15984.862052899534,35,22,5,self-employed,rent,0
55,27362.819694892394,38202.710003192755,58,27,3,self-employed,own,0
45,5923.050434842138,31367.644870086733,26,24,4,salaried,own,0
44,22504.39995448788,4793.166047252778,30,5,3,salaried,own,0
32,43145.70090090615,26128.93275932196,19,0,3,salaried,rent,0
38,23089.985848511446,17821.747490591304,45,7,4,unemployed,own,0
35,52247.188983214015,17099.961003882418,13,0,4,retired,rent,0
64,19305.152459471963,30510.558816485605,38,18,5,salaried,own,0
36,36363.669207366314,16793.91639900182,21,10,3,salaried,own,0
47,14198.121742181409,39067.79366203876,46,20,2,salaried,own,0
28,35631.24889535281,4468.780364547547,34,23,5,self-employed,own,0
45,24742.988974604847,33359.02436739545,19,24,4,self-employed,mortgage,0
37,19734.521707974593,40650.54537918032,39,14,0,self-employed,own,0
49,6081.817994193121,33968.752806101074,34,22,5,salaried,own,0
28,19395.795836295492,25364.23055597979,15,24,1,self-employed,rent,0
35,24507.304859906777,47565.043673072876,25,10,2,self-employed,own,0
47,33334.718072356394,15696.986000105117,53,18,5,salaried,own,0
27,48072.948639891496,1939.2264887239112,40,28,4,salaried,own,0
23,60932.157413538516,22167.4792017086,12,20,4,salaried,mortgage,0
49,41074.126288838685,2617.584859116035,15,9,2,salaried,rent,0
64,16629.854740260675,47742.90087379403,43,23,1,unemployed,own,0
44,18912.870634627405,11285.984241654523,44,11,5,salaried,own,0
23,31871.189669084248,39657.42417349509,37,0,5,unemployed,own,1
40,28561.279901392252,38954.03207554388,28,23,3,salaried,own,0
35,49720.51878471827,11668.716084463742,50,6,0,salaried,rent,0
45,76091.71814562795,31440.099993528198,34,16,4,salaried,mortgage,0
50,68431.60768610885,3355.8694558360603,43,28,5,salaried,own,0
34,46488.91145936804,24695.154699489507,26,28,5,salaried,mortgage,0
27,28679.8861336824,1717.70923635185,24,25,5,salaried,own,0
37,43246.10850171565,46136.05012886125,13,27,1,salaried,own,0
64,50550.115376239264,48828.215185779016,30,9,0,salaried,own,0
40,20462.511861973493,11891.855565290678,35,27,5,salaried,own,0
56,16876.36689668973,11197.195695222266,56,5,2,salaried,mortgage,0
29,15007.262055545081,37932.28865154435,35,16,4,salaried,own,0
58,14211.512197622636,13415.590542637388,22,17,3,retired,own,0
42,11036.931514860631,44858.751398930406,33,4,2,salaried,mortgage,0
22,24958.02903842685,29122.52767002613,26,17,4,self-employed,mortgage,0
44,13361.378186680759,18188.103527505293,21,29,1,salaried,rent,0
28,14886.929734348358,41801.99357112158,52,25,0,self-employed,mortgage,0
31,31276.67151368643,25176.928320256364,38,16,0,salaried,own,0
33,24120.190121478783,45670.0127717153,20,21,4,retired,mortgage,0
37,27304.654750406316,46472.697599739666,39,15,2,salaried,rent,0
28,43589.62232539203,9105.587454292057,12,7,3,unemployed,mortgage,0
41,33937.12932287434,1113.8469004645833,28,23,1,salaried,rent,0
38,47072.45506252988,49212.61606697771,42,12,4,salaried,own,0
50,22925.11348509155,45400.73927024649,55,28,1,self-employed,rent,0
38,49310.64677580075,3716.816549488229,21,23,0,salaried,own,0
51,26366.99670270074,41818.678933112424,48,15,5,salaried,own,0
58,23965.08193536955,23432.441695401125,40,10,5,salaried,own,0
52,45741.584258017734,13689.118646223786,29,5,3,self-employed,mortgage,1
31,14241.608861107547,44058.57966016956,58,26,1,retired,own,0
65,60584.85866175848,10636.694387125055,49,2,4,salaried,rent,0
45,19128.79346202527,47417.69997158328,50,0,3,unemployed,own,0
53,11979.426681538549,11075.452897267713,17,17,2,salaried,mortgage,0
58,30538.729478605866,31070.47619870843,51,4,5,salaried,own,0
61,18239.397749083684,11931.230391919767,23,12,4,retired,rent,0
28,60651.736530394664,27737.764583463104,25,9,1,unemployed,mortgage,0
31,17739.50922514475,34514.781365841925,55,4,3,self-employed,own,0
42,25776.65351389409,10321.16861018674,21,25,4,salaried,own,0
44,10798.940886740202,26523.40335233328,31,13,3,salaried,rent,0
61,33072.49080955701,23983.92747511583,26,16,3,salaried,mortgage,0
37,14932.643912125954,4480.833648763721,42,0,3,salaried,rent,0
32,31152.891506808493,41097.08306608984,18,24,1,salaried,own,0
52,17779.96214782799,17448.437631499244,52,1,4,unemployed,mortgage,0
35,7915.139972658061,29154.527680042098,21,6,0,unemployed,own,0
36,23519.732888625338,26224.427511723585,21,9,0,salaried,rent,0
42,22999.18957772066,26149.76472395167,59,19,1,salaried,mortgage,0
48,34218.981606228575,6253.8973162158845,50,6,1,unemployed,own,0
40,47954.133737077515,21750.618453217307,39,23,5,salaried,rent,0
53,57308.527003646996,23165.97120112194,41,15,3,self-employed,rent,0
30,33930.7549155147,36948.49917785798,48,4,4,salaried,mortgage,1
60,25318.980125239643,42160.92276411423,14,28,4,salaried,own,0
52,10789.548415473184,27704.131626900882,54,27,2,retired,own,0
53,24367.619700365554,5252.364749184533,26,11,2,salaried,mortgage,0
22,24525.53466397099,12605.624059230768,32,16,0,salaried,own,0
53,19943.925109794214,9081.767315783822,48,15,2,salaried,own,0
53,30226.78785610639,7106.138096267112,23,19,2,retired,mortgage,0
61,38597.88863921858,18929.06563227257,15,25,0,unemployed,own,0
33,14629.539757994839,12240.28160556472,58,15,5,salaried,mortgage,0
50,14516.015308107091,11696.852478764102,20,18,0,salaried,own,0
53,20544.611966020784,3679.965554237115,50,25,2,self-employed,own,0
33,16193.827087868412,1865.8321949762603,53,14,4,salaried,rent,0
46,9695.075923231734,6035.643889839308,39,11,2,self-employed,rent,0
42,13382.506284035215,9437.67649175802,34,20,3,salaried,rent,0
59,11894.595621411245,22118.202713561954,56,9,3,salaried,rent,0
22,40304.7760777859,26015.49280364339,51,28,3,self-employed,mortgage,0
58,51607.04654030225,7889.0039904949135,55,25,5,salaried,own,0
59,12737.214604501567,21814.38373468513,33,28,1,unemployed,own,0
46,28941.642576339236,17745.693273970435,35,21,3,salaried,own,0
35,34089.960697761446,9987.758531399846,37,1,4,salaried,rent,0
54,10444.863512728118,1335.196659269814,41,6,5,retired,own,0
62,23872.667723167557,23883.875459565344,44,12,1,salaried,own,0
64,78179.13559403023,34596.93571399477,27,2,1,self-employed,own,0
60,30901.914941387175,12087.589373046543,33,14,3,salaried,own,0
31,19484.016257598658,7458.534664937289,54,0,2,self-employed,own,0
23,16645.692236363604,44465.09447790113,29,25,0,self-employed,rent,0
26,8012.588990609336,14476.213851902092,18,2,2,salaried,own,0
29,27868.068887227204,11957.018369840574,37,24,2,unemployed,mortgage,0
26,58332.13339340272,42997.750040885876,19,9,1,self-employed,rent,0
29,14665.134059089596,41038.2478591713,17,26,1,salaried,own,0
59,8368.313587778504,22968.977055707048,41,26,5,salaried,rent,0
51,15801.938625794486,24972.70420996095,50,14,5,salaried,own,0
52,34228.019559635824,11669.686536867077,34,21,1,salaried,rent,0
61,17778.586342106253,4836.781853498317,43,26,4,salaried,mortgage,0
32,14614.448674111542,29098.159442427394,33,5,4,salaried,rent,0
28,22238.436786756905,5818.901157920443,53,19,0,salaried,rent,0
28,24707.209770944242,23014.452800875843,54,14,1,self-employed,own,0
48,11001.69828725568,47084.36272713752,56,23,3,salaried,own,0
40,19758.87727323628,47688.885069358636,20,20,5,retired,mortgage,0
27,17177.680813611532,12727.282040820572,42,6,1,salaried,own,0
31,15987.266256286894,31581.557582237067,18,24,4,salaried,own,0
40,13246.407536140516,24229.736941285024,20,28,1,self-employed,own,0
36,35264.38913632508,43908.57125171919,24,28,4,salaried,rent,0
24,15959.452016378767,14300.112349526607,14,29,1,salaried,own,0
26,8123.589215395279,1181.4179347884256,46,20,3,salaried,mortgage,0
42,25138.326456830506,8965.49909063934,44,26,0,salaried,own,0
46,31653.364851242586,18126.617257300506,32,29,3,salaried,own,0
23,14794.221841306691,16470.335358753942,42,4,4,retired,rent,0
61,16650.052609078575,39776.78303702141,45,29,5,salaried,own,0
62,15922.255711559304,34347.472640803055,43,3,5,unemployed,rent,0
34,18521.237382624997,15678.259661129965,46,21,2,self-employed,own,0
31,38308.42370619211,23429.447041144456,26,17,3,salaried,own,0
38,20805.453395755274,5682.396093958426,43,2,1,salaried,own,0
32,33516.6219655488,45009.175796184936,17,16,0,unemployed,mortgage,0
43,13569.558051263775,46835.816397978175,56,17,1,unemployed,rent,0
32,18181.407595139794,49010.37323366597,32,17,1,salaried,rent,0
33,35490.02350443542,43559.088708506046,44,23,3,salaried,own,0
45,14723.458259350291,9524.08349711505,43,23,0,salaried,rent,0
65,36536.54349857782,3263.627676879813,30,1,2,salaried,own,0
39,16087.662526367085,29400.239643221026,44,12,1,salaried,mortgage,0
56,18754.120035196465,45717.64631727241,39,29,0,unemployed,rent,0
65,50771.03499421511,9690.2167213274,42,21,2,salaried,rent,0
28,17713.644750131134,1345.1028165829512,32,14,1,self-employed,own,0
49,23686.792691163657,40469.30625557997,45,4,0,self-employed,rent,0
52,29977.97460775523,4762.988530049966,26,2,3,salaried,own,0
64,24667.80731221157,21271.59556359149,25,4,5,salaried,mortgage,0
38,25022.399293438408,34265.47952225047,30,4,5,self-employed,own,0
26,21412.499686879826,12603.081687352826,54,4,1,unemployed,own,0
38,11485.956514862723,5114.165608889608,26,2,1,self-employed,own,0
39,26216.510552952364,38731.040194335605,17,2,0,salaried,own,1
42,15271.838210641916,31878.57915946503,20,19,5,salaried,own,0
57,32463.88789018446,49436.03373985343,48,22,1,salaried,mortgage,0
52,43740.54315549859,17871.093632678007,31,27,2,salaried,rent,0
61,8930.443791136167,4026.3569282197855,45,27,1,self-employed,mortgage,0
23,43778.754154361464,36983.15173142949,49,27,5,salaried,mortgage,0
48,17934.313355529684,26564.937523809036,37,29,4,unemployed,own,0
30,20630.490645874528,11446.992638067619,29,17,5,salaried,rent,0
55,13957.97451504217,39304.72046123321,39,25,2,self-employed,own,0
49,24203.048239760818,10984.018806647244,20,19,0,retired,mortgage,0
35,22774.743087162926,13772.421086813893,43,3,2,salaried,own,0
53,37739.45631105566,5533.899163969238,17,0,4,retired,own,0
27,15203.840838910502,20572.181672511866,25,25,4,salaried,own,0
32,50533.977003070315,21527.531972933528,39,15,1,salaried,own,0
50,30710.412429457618,26213.527727066623,35,7,1,unemployed,own,0
41,23051.462337529883,35739.249089065095,24,16,5,retired,own,0
51,20122.780652162284,45398.94550534087,54,7,3,salaried,rent,0
44,18896.184010067067,7748.970845502623,23,6,2,salaried,mortgage,0
40,19522.601268544382,3663.056819084196,30,24,5,self-employed,own,0
57,23961.435875693765,1908.0304461223309,32,7,3,unemployed,own,0
24,19840.88565384225,8037.447525371997,38,20,5,salaried,mortgage,0
48,15990.263292200592,33239.524803299675,30,23,4,unemployed,own,0
64,24034.117140730206,36646.37682182834,35,29,1,salaried,mortgage,0
40,14499.304194010503,39538.77996287798,37,26,1,salaried,own,0
44,25880.19932557821,12941.702383312791,56,25,5,salaried,rent,0
52,19701.82366481569,15988.845849814476,39,11,1,salaried,rent,0
61,31205.99349713193,24673.597632709472,57,15,0,retired,rent,0
56,36117.6558092158,4095.971746151098,29,11,5,salaried,mortgage,0
54,36110.547644833045,30945.93463735106,55,18,4,retired,own,0
56,25823.81812108871,49203.01665011213,47,9,5,salaried,own,0
22,27375.82518430581,18679.509257522124,53,6,5,self-employed,rent,0
35,18743.915778770268,37889.52627947781,40,11,1,unemployed,mortgage,0
54,30909.530453326868,25501.66186291079,28,19,4,self-employed,own,0
56,32703.93481338878,7262.780373658754,15,4,5,self-employed,mortgage,0
26,10060.1305754625,29529.63499132673,55,15,1,salaried,own,0
59,26613.492361419772,15693.839153759183,56,8,2,unemployed,own,0
62,43654.64210073097,2685.7572142194535,40,6,4,unemployed,rent,0
32,18432.20808374564,32111.556775769444,15,19,3,salaried,own,0
23,16526.600477697324,43087.685116911656,21,21,0,unemployed,rent,0
65,17855.525113063748,17893.718578093834,36,25,3,salaried,own,0
38,10379.23031900196,20124.481813425755,42,13,4,salaried,own,0
60,23458.589041130013,44660.06246539336,14,10,5,unemployed,rent,1
41,22358.966830421752,40866.83185500044,58,6,1,salaried,rent,0
35,24306.848391622203,36032.688354037076,13,28,4,unemployed,own,0
53,27118.957759227444,13191.056123904247,36,9,0,salaried,own,0
55,14779.602488482164,45600.61609336558,17,28,4,salaried,own,0
46,25250.45866555557,8566.372119421438,37,8,1,salaried,own,0
28,27490.597880974357,31711.75545144387,19,3,3,salaried,mortgage,0
56,17254.083767596225,2411.2578467794165,46,15,2,self-employed,mortgage,0
50,27175.170853473526,32542.270509922346,38,9,3,salaried,own,0
43,22933.48418792121,14580.073241794633,36,18,1,salaried,own,0
62,16065.109944872169,23034.17188200228,29,23,1,salaried,mortgage,0
64,25371.818983808567,17917.963050795603,12,16,0,salaried,rent,0
34,19046.61412092344,9465.081056064286,59,8,4,self-employed,rent,0
34,31211.211025874145,31477.05871459983,50,12,4,salaried,rent,0
22,19543.867043165632,44216.80220188976,14,0,3,self-employed,own,0
57,11557.816139569399,47995.127871837765,15,1,2,retired,own,0
25,25172.14972644646,10424.971794541838,52,12,2,self-employed,mortgage,0
58,24703.53485501647,36151.2659290857,48,23,0,unemployed,rent,0
65,12828.588597909196,33552.628963678435,26,8,1,salaried,own,0
61,32056.9105764886,17825.511689154057,19,6,0,salaried,own,0
34,31229.249483119256,1935.860768332566,49,15,4,unemployed,own,0
59,14257.094247758108,34799.77111833044,30,18,5,self-employed,rent,0
45,15838.308126530872,47329.248167415506,58,6,5,self-employed,own,0
40,20516.73540870948,31973.885973866916,37,5,5,self-employed,own,0
22,15071.697623520628,22329.34348519407,50,17,1,salaried,mortgage,0
59,30339.28215053994,26732.54081146979,21,18,0,salaried,own,0
26,23729.77753784072,10781.81157533596,49,10,3,self-employed,own,0
37,12749.169702019954,37776.66402393314,25,28,4,self-employed,own,0
45,14599.820944930312,37574.571670482605,52,11,5,salaried,own,0
48,39889.1481056414,8130.347718983822,30,28,2,unemployed,own,0
22,47466.58121088046,44020.9407424833,41,25,0,salaried,mortgage,0
55,28835.556001159697,14190.297234191958,16,9,4,salaried,mortgage,0
57,19818.326559849782,49130.54698589413,42,12,4,unemployed,own,0
25,17676.980648306246,19762.247687825045,18,11,2,self-employed,own,0
21,28994.159993527683,9716.318877990483,30,20,2,salaried,rent,0
60,22878.668917752377,18234.285455936963,42,9,2,salaried,own,0
32,9847.415129172456,22568.836106162464,50,19,5,salaried,own,0
56,36898.78826960757,4396.080878876446,35,17,5,self-employed,mortgage,0
65,43170.023533351,29332.700679941187,45,3,0,salaried,own,0
43,31844.700775153822,30283.989553576117,34,27,2,unemployed,own,0
51,12761.580370102663,37207.592312124136,59,23,3,retired,own,0
31,16019.89674367876,2429.3247222464215,56,4,4,unemployed,own,0
30,8700.53736929773,27520.672507257677,51,4,2,salaried,own,0
23,48924.043693580345,3592.464230262555,17,28,4,self-employed,own,0
34,18428.07725613683,35356.06677836602,49,27,1,salaried,own,0
36,70731.3842558656,3730.6712993482392,52,11,1,salaried,rent,0
30,58548.74976170947,45674.66456874,47,25,2,salaried,own,0
49,14020.653785045075,35402.04577734033,38,2,4,salaried,own,0
30,15457.75549705417,25862.0984891727,22,28,1,retired,rent,0
32,27808.448911182924,22633.69224077757,16,7,2,salaried,mortgage,0
50,9161.167886497564,7402.958890249856,28,21,4,salaried,own,0
61,17692.046040349618,15258.970088668491,18,1,2,retired,own,0
21,16830.0372315655,43578.996146023914,38,17,5,salaried,own,0
25,55580.23719798596,45318.1877665622,58,8,4,self-employed,rent,0
40,23873.13250854469,1036.6377101560222,26,12,1,salaried,own,0
28,19103.30262195542,30112.68318240001,57,6,2,salaried,own,0
63,16062.740811122734,36245.72984223057,24,9,1,retired,own,1
32,34441.75097826755,31318.602140422707,22,8,2,salaried,own,0
21,17182.46365972167,5002.308478451345,56,29,0,salaried,own,0
40,21479.591114820734,11668.520041146208,37,21,1,salaried,own,0
48,16001.507871721527,13266.673101687917,33,14,1,salaried,mortgage,0
63,10313.731420556744,41754.50693394939,39,4,3,salaried,rent,0
57,13386.237904639509,23696.772379137103,35,11,5,salaried,own,0
57,17137.32558307447,24854.582385120604,40,0,1,salaried,own,0
32,19309.88818471875,46809.75928117092,20,11,4,self-employed,own,0
57,19737.744321649618,32217.20855388106,53,21,2,salaried,own,0
64,21068.622971795783,45034.71737608053,15,5,0,salaried,mortgage,0
48,17251.53122047752,23368.933911735116,57,18,4,salaried,mortgage,0
35,43241.81189475597,8322.376667396416,29,18,4,retired,own,0
26,35383.187606143714,46566.8441096302,54,15,4,retired,own,0
64,20587.623358995508,23476.550667709373,27,18,4,self-employed,own,1
40,25012.454001517242,9899.939672062272,44,2,0,unemployed,rent,0
34,18287.186078466217,15817.39127489219,40,22,3,salaried,rent,0
22,5314.8355734411425,3489.32689475817,50,9,5,salaried,mortgage,0
29,22253.320367551514,23946.72898136287,21,26,1,self-employed,rent,0
57,25663.04197971877,42803.280423601595,20,17,4,self-employed,own,0
40,9834.669452746253,46745.44234432778,42,25,1,salaried,rent,0
46,28274.21491630655,46697.50816767854,39,12,1,salaried,rent,0
49,19143.368860279563,7136.2712558085905,14,25,4,retired,rent,0
21,26081.117402674416,19720.64024304179,25,17,3,unemployed,own,0
55,19434.413713754766,2383.2092228846122,36,2,1,salaried,rent,0
26,41170.49908015284,42903.10190360217,26,25,2,self-employed,rent,0
57,24664.356168639133,18579.032339042416,13,27,1,salaried,rent,0
25,36359.40664762273,31924.734366719505,35,22,5,salaried,rent,0
53,37886.990405997145,36030.02346578714,25,2,4,salaried,rent,0
34,12584.512081286086,22062.388817414612,59,22,0,salaried,rent,0
32,15221.91682968655,16015.674490961906,18,24,1,salaried,rent,0
62,27606.4671521215,48148.43259568129,47,26,3,unemployed,rent,0
40,18347.183576270443,48259.92302616886,35,25,2,salaried,own,0
44,19549.336287952134,15182.382033471074,38,11,2,salaried,own,0
63,41910.11190681435,24501.629740478445,48,26,0,salaried,own,0
54,18860.344287095908,48669.363774341095,49,19,5,salaried,rent,0
45,13568.895081230685,1238.551975119658,41,6,0,unemployed,rent,0
49,14517.353402096025,21221.23417057831,38,24,5,self-employed,mortgage,0
59,65589.98204858149,5922.419934367453,50,29,1,retired,own,0
51,20148.60350091046,25948.74031256753,26,23,4,retired,own,1
63,11135.306692183334,2208.8277724838704,37,7,3,salaried,own,0
43,9093.095809952141,20938.023138140765,12,8,2,salaried,own,0
64,16117.834626598045,11814.254664481421,15,13,0,unemployed,rent,0
58,19965.05831363726,27132.1097604783,40,4,3,retired,own,0
40,35404.23954870233,49803.68880593428,12,29,5,self-employed,rent,0
43,33731.0002838908,40226.26915121063,54,20,4,self-employed,rent,0
65,21956.681959423448,42436.46248959665,57,18,2,self-employed,own,0
36,17551.868788850403,32127.984380594964,33,20,2,salaried,mortgage,0
62,26102.879860611065,3036.4325653406695,22,15,5,salaried,own,0
28,9187.755585203402,11133.086126163062,21,23,4,unemployed,own,0
41,59310.42953239458,46328.16326590569,28,11,2,self-employed,mortgage,0
21,30547.948127097123,18939.54277850881,47,20,4,salaried,mortgage,0
28,33978.90296111573,6078.199597558983,58,3,2,salaried,own,0
49,12873.462604742625,35417.86292744389,37,7,1,salaried,own,0
52,41828.128409221565,15673.428472778476,59,6,5,salaried,own,0
58,17500.617053445265,14173.988732304413,32,14,4,retired,own,0
25,13680.420631092573,49900.89532235476,24,29,3,salaried,mortgage,0
